LOCK TABLES `access_list_type` WRITE;
/*!40000 ALTER TABLE `access_list_type` DISABLE KEYS */;
INSERT INTO `access_list_type` VALUES ('ALLOW','Indicates that the access list item is white-listed'),('DENY','Indicates that access list item is black-listed');
/*!40000 ALTER TABLE `access_list_type` ENABLE KEYS */;
UNLOCK TABLES;

LOCK TABLES `account` WRITE;
/*!40000 ALTER TABLE `account` DISABLE KEYS */;
INSERT INTO `account` VALUES (548939,'1af215ff'),(546428,'244804ca'),(406271,'711bbe4c'),(1000,'e3cbba88'),(354934,'f0c65ccc'),(528830,'f4970eac');
/*!40000 ALTER TABLE `account` ENABLE KEYS */;
UNLOCK TABLES;

LOCK TABLES `account_group` WRITE;
/*!40000 ALTER TABLE `account_group` DISABLE KEYS */;
/*!40000 ALTER TABLE `account_group` ENABLE KEYS */;
UNLOCK TABLES;


LOCK TABLES `account_limits` WRITE;
/*!40000 ALTER TABLE `account_limits` DISABLE KEYS */;
/*!40000 ALTER TABLE `account_limits` ENABLE KEYS */;
UNLOCK TABLES;

LOCK TABLES `alert_status` WRITE;
/*!40000 ALTER TABLE `alert_status` DISABLE KEYS */;
INSERT INTO `alert_status` VALUES ('ACKNOWLEDGED','Indicates that alert has been acknowledged'),('UNACKNOWLEDGED','Indicates that alert has not been acknowledged');
/*!40000 ALTER TABLE `alert_status` ENABLE KEYS */;
UNLOCK TABLES;

LOCK TABLES `blacklist_type` WRITE;
/*!40000 ALTER TABLE `blacklist_type` DISABLE KEYS */;
INSERT INTO `blacklist_type` VALUES ('ACCESSLIST','Blacklisted lists'),('NODE','Blacklisted Nodes');
/*!40000 ALTER TABLE `blacklist_type` ENABLE KEYS */;
UNLOCK TABLES;

LOCK TABLES `blacklist_item` WRITE;
/*!40000 ALTER TABLE `blacklist_item` DISABLE KEYS */;
INSERT INTO `blacklist_item` VALUES (1,'127.0.0.1/24','IPV4','NODE'),(2,'ffff:ffff:ffff:ffff::/64','IPV6','NODE');
/*!40000 ALTER TABLE `blacklist_item` ENABLE KEYS */;
UNLOCK TABLES;


LOCK TABLES `category_type` WRITE;
/*!40000 ALTER TABLE `category_type` DISABLE KEYS */;
INSERT INTO `category_type` VALUES ('CREATE','Resource Created'),('DELETE','Resource Deleted'),('UPDATE','Resource Updated');
/*!40000 ALTER TABLE `category_type` ENABLE KEYS */;
UNLOCK TABLES;


LOCK TABLES `lb_data_center` WRITE;
/*!40000 ALTER TABLE `lb_data_center` DISABLE KEYS */;
INSERT INTO `lb_data_center` VALUES ('DFW','Dallas'),('LON','London'),('ORD','Chicago');
/*!40000 ALTER TABLE `lb_data_center` ENABLE KEYS */;
UNLOCK TABLES;

LOCK TABLES `cluster` WRITE;
/*!40000 ALTER TABLE `cluster` DISABLE KEYS */;
INSERT INTO `cluster` VALUES (1,'My Cluster','My Cluster','atlas_dev','0d1131d28d76ba0a72f42f819d207c94','DFW','fd24:f480:ce44:91bc::/64'),(2,'My Cluste222r','My Cluste111r','username','0d1131d28d76ba0a72f42f819d207c94','DFW',NULL);
/*!40000 ALTER TABLE `cluster` ENABLE KEYS */;
UNLOCK TABLES;


LOCK TABLES `host_status` WRITE;
/*!40000 ALTER TABLE `host_status` DISABLE KEYS */;
INSERT INTO `host_status` VALUES ('ACTIVE','Indicates that the host is in the active status'),('ACTIVE_TARGET','Indicates that the host is an active target'),('BURN_IN','Indicates that the host is in the burn-in phase'),('FAILOVER','Indicates that the host is in failover status'),('OFFLINE','Indicates that the host is in the offline status');
/*!40000 ALTER TABLE `host_status` ENABLE KEYS */;
UNLOCK TABLES;

LOCK TABLES `lb_zone` WRITE;
/*!40000 ALTER TABLE `lb_zone` DISABLE KEYS */;
INSERT INTO `lb_zone` VALUES ('A','Zone A'),('B','Zone B');
/*!40000 ALTER TABLE `lb_zone` ENABLE KEYS */;
UNLOCK TABLES;


--
-- Dumping data for table `limit_type`
--

LOCK TABLES `limit_type` WRITE;
/*!40000 ALTER TABLE `limit_type` DISABLE KEYS */;
INSERT INTO `limit_type` VALUES ('ACCESS_LIST_LIMIT',100,'Max number of items for an access list');
INSERT INTO `limit_type` VALUES ('BATCH_DELETE_LIMIT',10,'Max number of items that can be deleted for batch delete operations');
INSERT INTO `limit_type` VALUES ('IPV6_LIMIT',25,'Max number of IPv6 addresses for a load balancer');
INSERT INTO `limit_type` VALUES ('LOADBALANCER_LIMIT',25,'Max number of load balancers for an account');
INSERT INTO `limit_type` VALUES ('NODE_LIMIT',25,'Max number of nodes for a load balancer');
/*!40000 ALTER TABLE `limit_type` ENABLE KEYS */;
UNLOCK TABLES;

LOCK TABLES `host` WRITE;
/*!40000 ALTER TABLE `host` DISABLE KEYS */;
INSERT INTO `host` VALUES (2,'100','ACTIVE_TARGET','10.2.2.3',1500,'host1_cluster1','https://lbdevice_ipaddress:9090/config','lbdevice.atlas.openstack.org',1,'A',1,'::1','10.0.0.0','0.0.0.0','::');
/*!40000 ALTER TABLE `host` ENABLE KEYS */;
UNLOCK TABLES;



LOCK TABLES `ip_version` WRITE;
/*!40000 ALTER TABLE `ip_version` DISABLE KEYS */;
INSERT INTO `ip_version` VALUES ('IPV4','A IPV4 ip address'),('IPV6','A IPV6 ip address');
/*!40000 ALTER TABLE `ip_version` ENABLE KEYS */;
UNLOCK TABLES;

LOCK TABLES `lb_algorithm` WRITE;
/*!40000 ALTER TABLE `lb_algorithm` DISABLE KEYS */;
INSERT INTO `lb_algorithm` VALUES ('LEAST_CONNECTIONS','The node with the fewest number of connections will receive requests',1),('RANDOM','Backend servers are selected at random',1),('ROUND_ROBIN','Connections are routed to each of the backend servers in turn',1),('WEIGHTED_LEAST_CONNECTIONS','Assign each request to a node based on the number of concurrent connections to the node and its weight',1),('WEIGHTED_ROUND_ROBIN','A round robin algorithm, but with different proportions of traffic being directed to the backend nodes.  Weights must be defined',1);
/*!40000 ALTER TABLE `lb_algorithm` ENABLE KEYS */;
UNLOCK TABLES;


LOCK TABLES `lb_protocol` WRITE;
/*!40000 ALTER TABLE `lb_protocol` DISABLE KEYS */;
INSERT INTO `lb_protocol` VALUES ('FTP','The FTP protocol',21,1),('HTTP','The HTTP protocol',80,1),('HTTPS','The HTTPS protocol',443,1),('IMAPS','The IMAPS protocol',993,1),('IMAPv2','The IMAPv2 protocol',143,1),('IMAPv3','The IMAPv3 protocol',220,1),('IMAPv4','The IMAPv4 protocol',143,1),('LDAP','The LDAP protocol',389,1),('LDAPS','The LDAPS protocol',636,1),('POP3','The POP3 protocol',110,1),('POP3S','The POP3S protocol',995,1),('SMTP','The SMTP protocol',25,1),('TCP','The TCP protocol',0,1);
/*!40000 ALTER TABLE `lb_protocol` ENABLE KEYS */;
UNLOCK TABLES;

LOCK TABLES `lb_session_persistence` WRITE;
/*!40000 ALTER TABLE `lb_session_persistence` DISABLE KEYS */;
INSERT INTO `lb_session_persistence` VALUES ('HTTP_COOKIE','Indicates that the load balancer uses HTTP_COOKIE session persistence',1),('NONE','Indicates that the load balancer does not have session persistence enabled',1),('SOURCE_IP','Indicates that the load balancer uses SOURCE_IP session persistence',1);
/*!40000 ALTER TABLE `lb_session_persistence` ENABLE KEYS */;
UNLOCK TABLES;

LOCK TABLES `lb_status` WRITE;
/*!40000 ALTER TABLE `lb_status` DISABLE KEYS */;
INSERT INTO `lb_status` VALUES ('ACTIVE','Indicates that the load balancer is active'),('BUILD','Indicates that the load balancer is building'),('DELETED','Indicates that the load balancer is deleted'),('ERROR','Indicates that the load balancer is in an error state.'),('PENDING_DELETE','Indicates that the load balancer is pending a deletion.'),('PENDING_UPDATE','Indicates that the load balancer is pending an update.'),('SUSPENDED','Indicates that the load balancer is suspended');
/*!40000 ALTER TABLE `lb_status` ENABLE KEYS */;
UNLOCK TABLES;

LOCK TABLES `node_condition` WRITE;
/*!40000 ALTER TABLE `node_condition` DISABLE KEYS */;
INSERT INTO `node_condition` VALUES ('DISABLED','Indicates that the node is disabled'),('DRAINING','Indicates that the node is draining'),('ENABLED','Indicates that the node is enabled');
/*!40000 ALTER TABLE `node_condition` ENABLE KEYS */;
UNLOCK TABLES;

LOCK TABLES `node_status` WRITE;
/*!40000 ALTER TABLE `node_status` DISABLE KEYS */;
INSERT INTO `node_status` VALUES ('OFFLINE','Indicates that the node is offline'),('ONLINE','Indicates that the node is online');
/*!40000 ALTER TABLE `node_status` ENABLE KEYS */;
UNLOCK TABLES;

LOCK TABLES `virtual_ip_type` WRITE;
/*!40000 ALTER TABLE `virtual_ip_type` DISABLE KEYS */;
INSERT INTO `virtual_ip_type` VALUES ('PUBLIC','Indicates that the virtual ip is exposed publicly'),('SERVICENET','Indicates that the virtual ip is used for servicing');
/*!40000 ALTER TABLE `virtual_ip_type` ENABLE KEYS */;
UNLOCK TABLES;


LOCK TABLES `loadbalancer` WRITE;
/*!40000 ALTER TABLE `loadbalancer` DISABLE KEYS */;
INSERT INTO `loadbalancer` VALUES (3472,354934,'AssHat','HTTP',80,'RANDOM',0,'NONE','ERROR',2,'2011-06-06 21:03:10','2011-06-08 03:01:30',0,NULL),(3554,406271,'myTEst','HTTP',80,'RANDOM',0,'NONE','ERROR',2,'2011-06-06 21:48:58','2011-06-06 21:49:07',0,NULL),(3557,406271,'myTEst','HTTP',80,'RANDOM',0,'NONE','DELETED',2,'2011-06-06 21:54:46','2011-06-08 18:14:24',0,NULL),(3558,406271,'myTEst','HTTP',80,'RANDOM',0,'NONE','DELETED',2,'2011-06-06 21:54:54','2011-06-08 18:14:46',0,NULL),(3559,406271,'myTEst','HTTP',80,'RANDOM',0,'NONE','DELETED',2,'2011-06-06 21:55:04','2011-06-08 18:14:49',0,NULL),(3560,406271,'myTEst','HTTP',80,'RANDOM',0,'NONE','DELETED',2,'2011-06-06 21:55:14','2011-06-08 18:14:58',0,NULL),(3561,406271,'myTEst','HTTP',80,'RANDOM',0,'NONE','DELETED',2,'2011-06-06 21:59:06','2011-06-08 18:15:01',0,NULL),(3562,406271,'myTEst','HTTP',80,'RANDOM',0,'NONE','DELETED',2,'2011-06-06 21:59:22','2011-06-08 18:15:08',0,NULL),(3586,528830,'SITESLB-1237','LDAPS',636,'LEAST_CONNECTIONS',0,'NONE','DELETED',2,'2011-06-07 17:04:48','2011-06-07 17:09:03',0,NULL),(3592,406271,'myTEst','HTTP',80,'RANDOM',0,'NONE','DELETED',2,'2011-06-07 17:42:26','2011-06-08 18:15:14',0,NULL),(3593,406271,'myTEst','HTTP',80,'RANDOM',0,'NONE','DELETED',2,'2011-06-07 17:42:56','2011-06-08 18:15:17',0,NULL),(3599,406271,'myTEst','HTTP',80,'RANDOM',0,'NONE','ERROR',2,'2011-06-07 18:03:42','2011-06-07 18:03:50',0,NULL),(3600,406271,'myTEst','HTTP',80,'RANDOM',0,'NONE','DELETED',2,'2011-06-07 18:04:24','2011-06-08 18:15:30',0,NULL),(3601,406271,'myTEst','HTTP',80,'RANDOM',0,'NONE','DELETED',2,'2011-06-07 18:05:40','2011-06-08 18:15:32',0,NULL),(3602,406271,'myTEst','HTTP',80,'RANDOM',0,'NONE','ERROR',2,'2011-06-07 18:06:33','2011-06-07 18:06:35',0,NULL),(3603,406271,'myTEst','HTTP',80,'RANDOM',0,'NONE','DELETED',2,'2011-06-07 18:08:25','2011-06-08 18:15:37',0,NULL),(3604,406271,'myTEst','HTTP',80,'RANDOM',0,'NONE','DELETED',2,'2011-06-07 18:08:36','2011-06-08 18:15:40',0,NULL),(3605,406271,'myTEst','HTTP',80,'RANDOM',0,'NONE','DELETED',2,'2011-06-07 18:08:40','2011-06-08 18:15:44',0,NULL),(3606,406271,'myTEst','HTTP',80,'RANDOM',0,'NONE','DELETED',2,'2011-06-07 18:08:45','2011-06-08 18:15:47',0,NULL),(3607,406271,'myTEst','HTTP',80,'RANDOM',0,'NONE','DELETED',2,'2011-06-07 18:08:48','2011-06-08 18:15:50',0,NULL),(3608,406271,'myTEst','HTTP',80,'RANDOM',0,'NONE','DELETED',2,'2011-06-07 18:08:52','2011-06-08 18:15:51',0,NULL),(3609,406271,'myTEst','HTTP',80,'RANDOM',0,'NONE','DELETED',2,'2011-06-07 18:08:53','2011-06-08 18:15:52',0,NULL),(3615,406271,'myTEst','HTTP',80,'RANDOM',0,'NONE','ERROR',2,'2011-06-07 18:13:38','2011-06-07 18:13:42',0,NULL),(3621,406271,'myTEst','HTTP',80,'RANDOM',0,'NONE','DELETED',2,'2011-06-07 18:18:36','2011-06-08 18:15:59',0,NULL),(3622,406271,'myTEst','HTTP',80,'RANDOM',0,'NONE','DELETED',2,'2011-06-07 18:18:51','2011-06-08 18:16:05',0,NULL),(3623,406271,'myTEst','HTTP',80,'RANDOM',0,'NONE','DELETED',2,'2011-06-07 18:18:57','2011-06-08 18:16:08',0,NULL),(3624,406271,'myTEst','HTTP',80,'RANDOM',0,'NONE','ERROR',2,'2011-06-07 18:19:04','2011-06-07 18:19:05',0,NULL),(3630,406271,'myTEst','HTTP',80,'RANDOM',0,'NONE','DELETED',2,'2011-06-07 18:24:21','2011-06-08 18:16:14',0,NULL),(3631,406271,'myTEst','HTTP',80,'RANDOM',0,'NONE','ERROR',2,'2011-06-07 18:24:37','2011-06-07 18:24:38',0,NULL),(3641,528830,'SITESLB-1237','LDAPS',636,'LEAST_CONNECTIONS',0,'NONE','DELETED',2,'2011-06-07 18:43:37','2011-06-07 18:44:09',0,NULL),(3651,528830,'SITESLB-1237','LDAPS',636,'LEAST_CONNECTIONS',0,'NONE','DELETED',2,'2011-06-07 18:47:44','2011-06-07 18:48:09',0,NULL),(3652,406271,'myTEst','HTTP',80,'RANDOM',0,'NONE','DELETED',2,'2011-06-07 18:51:02','2011-06-08 18:16:21',0,NULL),(3653,406271,'myTEst','HTTP',80,'RANDOM',0,'NONE','DELETED',2,'2011-06-07 18:51:29','2011-06-08 18:16:24',0,NULL),(3654,406271,'myTEst','HTTP',80,'RANDOM',0,'NONE','DELETED',2,'2011-06-07 18:51:40','2011-06-08 18:16:26',0,NULL),(3655,406271,'myTEst','HTTP',80,'RANDOM',0,'NONE','DELETED',2,'2011-06-07 18:51:49','2011-06-08 18:16:28',0,NULL),(3656,406271,'myTEst','HTTP',80,'RANDOM',0,'NONE','DELETED',2,'2011-06-07 18:51:56','2011-06-08 18:16:33',0,NULL),(3657,406271,'myTEst','HTTP',80,'RANDOM',0,'NONE','DELETED',2,'2011-06-07 18:52:01','2011-06-08 18:16:35',0,NULL),(3658,406271,'myTEst','HTTP',80,'RANDOM',0,'NONE','DELETED',2,'2011-06-07 18:52:03','2011-06-08 18:16:37',0,NULL),(3659,406271,'myTEst','HTTP',80,'RANDOM',0,'NONE','DELETED',2,'2011-06-07 18:52:05','2011-06-08 18:16:39',0,NULL),(3660,406271,'myTEst','HTTP',80,'RANDOM',0,'NONE','DELETED',2,'2011-06-07 18:52:06','2011-06-08 18:16:42',0,NULL),(3662,528830,'SITESLB-1237','LDAPS',636,'LEAST_CONNECTIONS',0,'NONE','DELETED',2,'2011-06-07 18:59:15','2011-06-07 18:59:46',0,NULL),(3663,563374,'a-new-loadbalancer999','HTTP',80,'RANDOM',0,'NONE','DELETED',2,'2011-06-07 19:43:24','2011-06-07 19:44:09',0,NULL),(3664,563374,'a-new-loadbalancer999','HTTP',80,'RANDOM',0,'NONE','DELETED',2,'2011-06-07 19:47:00','2011-06-07 20:16:41',0,NULL),(3665,563374,'a-new-loadbalancer999','HTTP',80,'RANDOM',0,'NONE','DELETED',2,'2011-06-07 19:48:47','2011-06-07 20:16:44',0,NULL),(3666,563374,'a-new-loadbalancer999','HTTP',80,'RANDOM',0,'NONE','DELETED',2,'2011-06-07 19:49:23','2011-06-07 19:51:26',0,NULL),(3667,563374,'a-new-loadbalancer999','HTTP',80,'RANDOM',0,'NONE','DELETED',2,'2011-06-07 19:52:56','2011-06-07 20:16:47',0,NULL),(3668,528830,'SITESLB-1241','HTTPS',80,'RANDOM',0,'NONE','DELETED',2,'2011-06-07 19:52:48','2011-06-09 18:48:52',0,NULL),(3669,548939,'a-new-loadbalancer','HTTP',80,'RANDOM',0,'NONE','DELETED',2,'2011-06-07 20:06:18','2011-06-07 20:29:47',0,NULL),(3670,548939,'a-new-loadbalancer','HTTP',80,'RANDOM',0,'NONE','DELETED',2,'2011-06-07 20:06:45','2011-06-07 20:29:56',0,NULL),(3671,548939,'a-new-loadbalancer','HTTP',80,'RANDOM',0,'NONE','ACTIVE',2,'2011-06-07 20:12:04','2011-06-07 20:13:22',0,NULL),(3672,563374,'a-new-loadbalancer999','HTTP',80,'RANDOM',0,'NONE','DELETED',2,'2011-06-07 20:14:47','2011-06-07 20:16:50',0,NULL),(3673,548939,'a-new-loadbalancer','HTTP',80,'RANDOM',0,'NONE','PENDING_UPDATE',2,'2011-06-07 20:15:21','2011-06-08 14:35:59',0,NULL),(3674,563374,'a-new-loadbalancer999','HTTP',80,'RANDOM',0,'NONE','DELETED',2,'2011-06-07 20:20:25','2011-06-07 21:00:12',0,NULL),(3675,546428,'ondev','HTTP',80,'RANDOM',0,'NONE','ACTIVE',2,'2011-06-07 20:21:41','2011-06-07 20:21:52',0,NULL),(3676,563374,'a-new-loadbalancer999','HTTP',80,'RANDOM',0,'NONE','DELETED',2,'2011-06-07 20:23:51','2011-06-07 21:00:12',0,NULL),(3677,563374,'a-new-loadbalancer999','HTTP',80,'RANDOM',0,'NONE','ERROR',2,'2011-06-07 20:33:35','2011-06-07 20:45:01',0,NULL),(3678,563374,'a-new-loadbalancer999','HTTP',80,'RANDOM',0,'NONE','ACTIVE',2,'2011-06-07 21:00:47','2011-06-07 21:51:22',0,NULL),(3769,354934,'pfft','HTTP',80,'RANDOM',0,'NONE','ERROR',2,'2011-06-08 03:01:58','2011-06-08 03:01:58',0,NULL),(3770,354934,'WTF','HTTP',80,'RANDOM',0,'NONE','DELETED',2,'2011-06-08 03:07:20','2011-06-08 03:16:59',0,NULL),(3861,528830,'SITESLB-1244','HTTP',80,'RANDOM',0,'NONE','DELETED',2,'2011-06-08 19:01:23','2011-06-09 18:48:56',0,NULL),(3862,528830,'SITESLB-1245','HTTP',80,'RANDOM',1,'HTTP_COOKIE','DELETED',2,'2011-06-08 20:31:29','2011-06-08 20:39:51',0,NULL),(3895,528830,'monitor bug','HTTP',80,'RANDOM',1,'HTTP_COOKIE','DELETED',2,'2011-06-08 21:19:27','2011-06-09 18:48:59',0,NULL),(3896,406271,'myTEst','HTTP',80,'RANDOM',0,'NONE','DELETED',2,'2011-06-08 21:34:27','2011-06-09 15:28:42',0,NULL),(3897,406271,'myTEst','HTTP',80,'RANDOM',0,'NONE','DELETED',2,'2011-06-08 21:34:51','2011-06-09 15:28:55',0,NULL),(3898,406271,'myTEst','HTTP',80,'RANDOM',0,'NONE','DELETED',2,'2011-06-08 21:34:57','2011-06-09 15:28:53',0,NULL),(3899,406271,'myTEst','HTTP',80,'RANDOM',0,'NONE','DELETED',2,'2011-06-08 21:35:08','2011-06-09 15:29:08',0,NULL),(3900,406271,'myTEst','HTTP',80,'RANDOM',0,'NONE','DELETED',2,'2011-06-08 21:35:08','2011-06-09 15:29:13',0,NULL),(3901,406271,'myTEst','HTTP',80,'RANDOM',0,'NONE','DELETED',2,'2011-06-08 21:35:09','2011-06-09 15:29:18',0,NULL),(3902,406271,'myTEst','HTTP',80,'RANDOM',0,'NONE','DELETED',2,'2011-06-08 21:35:09','2011-06-09 15:29:21',0,NULL),(3903,406271,'myTEst','HTTP',80,'RANDOM',0,'NONE','DELETED',2,'2011-06-08 21:35:11','2011-06-09 15:29:23',0,NULL),(3904,406271,'myTEst','HTTP',80,'RANDOM',0,'NONE','DELETED',2,'2011-06-08 21:35:13','2011-06-09 15:29:25',0,NULL),(3905,406271,'myTEst','HTTP',80,'RANDOM',0,'NONE','DELETED',2,'2011-06-08 21:35:13','2011-06-09 15:29:27',0,NULL),(3906,406271,'myTEst','HTTP',80,'RANDOM',0,'NONE','DELETED',2,'2011-06-08 21:35:13','2011-06-09 15:29:29',0,NULL),(3930,406271,'myTEst','HTTP',80,'RANDOM',0,'NONE','DELETED',2,'2011-06-08 21:58:43','2011-06-09 15:29:32',0,NULL),(3931,406271,'myTEst','HTTP',80,'RANDOM',0,'NONE','DELETED',2,'2011-06-08 22:03:39','2011-06-09 15:29:35',0,NULL),(3932,406271,'myTEst','HTTP',80,'RANDOM',0,'NONE','DELETED',2,'2011-06-08 22:03:39','2011-06-09 15:29:41',0,NULL),(3933,406271,'myTEst','HTTP',80,'RANDOM',0,'NONE','DELETED',2,'2011-06-08 22:03:39','2011-06-09 15:29:43',0,NULL),(3934,406271,'myTEst','HTTP',80,'RANDOM',0,'NONE','DELETED',2,'2011-06-08 22:05:53','2011-06-09 15:29:46',0,NULL),(3935,406271,'myTEst','HTTP',80,'RANDOM',0,'NONE','DELETED',2,'2011-06-08 22:05:53','2011-06-09 15:29:49',0,NULL),(3936,406271,'myTEst','HTTP',80,'RANDOM',0,'NONE','DELETED',2,'2011-06-08 22:05:54','2011-06-09 15:29:50',0,NULL),(3937,406271,'myTEst','HTTP',80,'RANDOM',0,'NONE','DELETED',2,'2011-06-08 22:07:17','2011-06-09 15:29:54',0,NULL),(3938,406271,'myTEst','HTTP',80,'RANDOM',0,'NONE','ERROR',2,'2011-06-08 22:07:18','2011-06-08 22:07:28',0,NULL),(3939,406271,'myTEst','HTTP',80,'RANDOM',0,'NONE','DELETED',2,'2011-06-08 22:07:18','2011-06-09 15:30:00',0,NULL),(3940,406271,'myTEst','HTTP',80,'RANDOM',0,'NONE','ERROR',2,'2011-06-08 22:07:18','2011-06-08 22:07:28',0,NULL),(3941,406271,'myTEst','HTTP',80,'RANDOM',0,'NONE','DELETED',2,'2011-06-08 22:13:02','2011-06-09 15:30:05',0,NULL),(3942,406271,'myTEst','HTTP',80,'RANDOM',0,'NONE','DELETED',2,'2011-06-08 22:13:04','2011-06-09 15:30:07',0,NULL),(3943,406271,'myTEst','HTTP',80,'RANDOM',0,'NONE','DELETED',2,'2011-06-08 22:13:06','2011-06-09 15:30:09',0,NULL),(3944,406271,'myTEst','HTTP',80,'RANDOM',0,'NONE','DELETED',2,'2011-06-08 22:13:07','2011-06-09 15:30:11',0,NULL),(3945,406271,'myTEst','HTTP',80,'RANDOM',0,'NONE','DELETED',2,'2011-06-08 22:13:09','2011-06-09 15:30:12',0,NULL),(3996,406271,'myTEst','HTTP',80,'RANDOM',0,'NONE','DELETED',2,'2011-06-09 14:16:38','2011-06-09 15:30:15',0,NULL),(4002,406271,'myTEst','HTTP',80,'RANDOM',0,'NONE','DELETED',2,'2011-06-09 14:29:52','2011-06-09 15:30:19',0,NULL),(4013,406271,'myTEst','HTTP',80,'RANDOM',0,'NONE','DELETED',2,'2011-06-09 15:00:13','2011-06-09 15:30:23',0,NULL),(4014,406271,'myTEst','HTTP',80,'RANDOM',0,'NONE','DELETED',2,'2011-06-09 15:01:08','2011-06-09 15:30:26',0,NULL),(4015,406271,'myTEst','HTTP',80,'RANDOM',0,'NONE','DELETED',2,'2011-06-09 15:01:09','2011-06-09 15:30:29',0,NULL),(4021,406271,'myTEst','HTTP',80,'RANDOM',0,'NONE','DELETED',2,'2011-06-09 15:25:20','2011-06-09 15:30:40',0,NULL),(4022,406271,'myTEst','HTTP',80,'RANDOM',0,'NONE','DELETED',2,'2011-06-09 15:25:20','2011-06-09 15:30:43',0,NULL),(4023,406271,'myTEst','HTTP',80,'RANDOM',0,'NONE','DELETED',2,'2011-06-09 15:25:20','2011-06-09 15:30:45',0,NULL),(4024,406271,'myTEst','HTTP',80,'RANDOM',0,'NONE','DELETED',2,'2011-06-09 15:27:43','2011-06-09 15:30:47',0,NULL),(4025,406271,'myTEst','HTTP',80,'RANDOM',0,'NONE','DELETED',2,'2011-06-09 15:27:43','2011-06-09 15:30:48',0,NULL),(4026,406271,'myTEst','HTTP',80,'RANDOM',0,'NONE','DELETED',2,'2011-06-09 15:27:44','2011-06-09 15:30:50',0,NULL),(4027,406271,'myTEst','HTTP',80,'RANDOM',0,'NONE','DELETED',2,'2011-06-09 15:27:44','2011-06-09 15:30:53',0,NULL),(4028,406271,'myTEst','HTTP',80,'RANDOM',0,'NONE','ACTIVE',2,'2011-06-09 15:31:38','2011-06-09 15:31:51',0,NULL),(4029,406271,'myTEst','HTTP',80,'RANDOM',0,'NONE','ACTIVE',2,'2011-06-09 15:31:38','2011-06-09 15:31:51',0,NULL),(4030,406271,'myTEst','HTTP',80,'RANDOM',0,'NONE','ACTIVE',2,'2011-06-09 15:31:38','2011-06-09 15:31:51',0,NULL),(4031,406271,'myTEst','HTTP',80,'RANDOM',0,'NONE','ACTIVE',2,'2011-06-09 15:31:38','2011-06-09 15:31:51',0,NULL),(4032,406271,'myTEst','HTTP',80,'RANDOM',0,'NONE','ACTIVE',2,'2011-06-09 15:31:39','2011-06-09 15:31:52',0,NULL),(4053,406271,'myTEst','HTTP',80,'RANDOM',0,'NONE','ACTIVE',2,'2011-06-09 16:36:01','2011-06-09 16:36:10',0,NULL),(4054,406271,'myTEst','HTTP',80,'RANDOM',0,'NONE','ACTIVE',2,'2011-06-09 16:40:04','2011-06-09 16:40:08',0,NULL),(4064,406271,'myTEst','HTTP',80,'RANDOM',0,'NONE','ACTIVE',2,'2011-06-09 16:54:53','2011-06-09 16:55:01',0,NULL),(4065,406271,'myTEst','HTTP',80,'RANDOM',0,'NONE','ACTIVE',2,'2011-06-09 16:57:07','2011-06-09 16:57:14',0,NULL),(4066,406271,'myTEst','HTTP',80,'RANDOM',0,'NONE','ACTIVE',2,'2011-06-09 16:57:07','2011-06-09 16:57:14',0,NULL),(4067,406271,'myTEst','HTTP',80,'RANDOM',0,'NONE','ACTIVE',2,'2011-06-09 16:57:07','2011-06-09 16:57:14',0,NULL),(4068,406271,'myTEst','HTTP',80,'RANDOM',0,'NONE','ACTIVE',2,'2011-06-09 16:57:35','2011-06-09 16:57:42',0,NULL),(4069,406271,'myTEst','HTTP',80,'RANDOM',0,'NONE','ACTIVE',2,'2011-06-09 16:57:35','2011-06-09 16:57:42',0,NULL),(4070,406271,'myTEst','HTTP',80,'RANDOM',0,'NONE','ACTIVE',2,'2011-06-09 16:57:35','2011-06-09 16:57:42',0,NULL),(4071,406271,'myTEst','HTTP',80,'RANDOM',0,'NONE','ACTIVE',2,'2011-06-09 16:57:51','2011-06-09 16:57:59',0,NULL),(4072,406271,'myTEst','HTTP',80,'RANDOM',0,'NONE','ACTIVE',2,'2011-06-09 16:57:51','2011-06-09 16:57:59',0,NULL),(4073,406271,'myTEst','HTTP',80,'RANDOM',0,'NONE','ACTIVE',2,'2011-06-09 16:57:52','2011-06-09 16:57:59',0,NULL),(4074,406271,'myTEst','HTTP',80,'RANDOM',0,'NONE','ACTIVE',2,'2011-06-09 16:58:10','2011-06-09 16:58:22',0,NULL),(4075,406271,'myTEst','HTTP',80,'RANDOM',0,'NONE','ACTIVE',2,'2011-06-09 16:58:10','2011-06-09 16:58:23',0,NULL),(4076,406271,'myTEst','HTTP',80,'RANDOM',0,'NONE','ACTIVE',2,'2011-06-09 16:58:10','2011-06-09 16:58:23',0,NULL),(4077,406271,'myTEst','HTTP',80,'RANDOM',0,'NONE','ACTIVE',2,'2011-06-09 16:58:10','2011-06-09 16:58:23',0,NULL),(4078,406271,'myTEst','HTTP',80,'RANDOM',0,'NONE','ACTIVE',2,'2011-06-09 16:58:10','2011-06-09 16:58:23',0,NULL),(4079,406271,'myTEst','HTTP',80,'RANDOM',0,'NONE','ACTIVE',2,'2011-06-09 16:58:50','2011-06-09 16:58:58',0,NULL),(4080,406271,'myTEst','HTTP',80,'RANDOM',0,'NONE','ACTIVE',2,'2011-06-09 16:58:50','2011-06-09 16:58:58',0,NULL),(4081,406271,'myTEst','HTTP',80,'RANDOM',0,'NONE','ACTIVE',2,'2011-06-09 16:58:50','2011-06-09 16:58:59',0,NULL),(4082,406271,'myTEst','HTTP',80,'RANDOM',0,'NONE','ACTIVE',2,'2011-06-09 16:59:50','2011-06-09 16:59:58',0,NULL),(4083,406271,'myTEst','HTTP',80,'RANDOM',0,'NONE','ACTIVE',2,'2011-06-09 16:59:50','2011-06-09 16:59:58',0,NULL),(4084,406271,'myTEst','HTTP',80,'RANDOM',0,'NONE','ACTIVE',2,'2011-06-09 16:59:50','2011-06-09 16:59:59',0,NULL),(4103,406271,'myTEst','HTTP',80,'RANDOM',0,'NONE','ACTIVE',2,'2011-06-09 17:15:11','2011-06-09 17:15:19',0,NULL),(4104,406271,'myTEst','HTTP',80,'RANDOM',0,'NONE','ACTIVE',2,'2011-06-09 17:15:26','2011-06-09 17:15:35',0,NULL),(4105,406271,'myTEst','HTTP',80,'RANDOM',0,'NONE','ACTIVE',2,'2011-06-09 17:15:26','2011-06-09 17:15:35',0,NULL),(4106,406271,'myTEst','HTTP',80,'RANDOM',0,'NONE','ACTIVE',2,'2011-06-09 17:15:27','2011-06-09 17:15:35',0,NULL),(4107,406271,'myTEst','HTTP',80,'RANDOM',0,'NONE','ACTIVE',2,'2011-06-09 17:15:44','2011-06-09 17:15:56',0,NULL),(4108,406271,'myTEst','HTTP',80,'RANDOM',0,'NONE','ACTIVE',2,'2011-06-09 17:15:45','2011-06-09 17:15:56',0,NULL),(4109,406271,'myTEst','HTTP',80,'RANDOM',0,'NONE','ACTIVE',2,'2011-06-09 17:15:45','2011-06-09 17:15:56',0,NULL),(4110,406271,'myTEst','HTTP',80,'RANDOM',0,'NONE','ACTIVE',2,'2011-06-09 17:15:45','2011-06-09 17:15:57',0,NULL),(4111,406271,'myTEst','HTTP',80,'RANDOM',0,'NONE','ACTIVE',2,'2011-06-09 17:20:14','2011-06-09 17:20:23',0,NULL),(4112,406271,'myTEst','HTTP',80,'RANDOM',0,'NONE','ACTIVE',2,'2011-06-09 17:20:14','2011-06-09 17:20:23',0,NULL),(4113,406271,'myTEst','HTTP',80,'RANDOM',0,'NONE','ACTIVE',2,'2011-06-09 17:20:14','2011-06-09 17:20:24',0,NULL),(4114,528830,'monitor bug','HTTP',80,'RANDOM',0,'NONE','DELETED',2,'2011-06-09 17:30:36','2011-06-09 18:47:54',0,NULL),(4115,528830,'monitor bug','HTTP',80,'RANDOM',0,'NONE','DELETED',2,'2011-06-09 18:16:45','2011-06-09 18:47:55',0,NULL),(4116,528830,'monitor bug','HTTP',80,'RANDOM',0,'NONE','DELETED',2,'2011-06-09 18:16:45','2011-06-09 18:47:58',0,NULL),(4117,528830,'monitor bug','HTTP',80,'RANDOM',0,'NONE','DELETED',2,'2011-06-09 18:16:45','2011-06-09 18:47:59',0,NULL),(4118,528830,'monitor bug','HTTP',80,'RANDOM',0,'NONE','DELETED',2,'2011-06-09 18:17:46','2011-06-09 18:48:01',0,NULL),(4119,528830,'monitor bug','HTTP',80,'RANDOM',0,'NONE','DELETED',2,'2011-06-09 18:17:47','2011-06-09 18:48:03',0,NULL),(4120,528830,'monitor bug','HTTP',80,'RANDOM',0,'NONE','DELETED',2,'2011-06-09 18:17:47','2011-06-09 18:48:04',0,NULL),(4121,528830,'monitor bug','HTTP',80,'RANDOM',0,'NONE','DELETED',2,'2011-06-09 18:17:47','2011-06-09 18:48:06',0,NULL),(4122,528830,'monitor bug','HTTP',80,'RANDOM',0,'NONE','DELETED',2,'2011-06-09 18:18:46','2011-06-09 18:48:08',0,NULL),(4123,528830,'monitor bug','HTTP',80,'RANDOM',0,'NONE','DELETED',2,'2011-06-09 18:18:46','2011-06-09 18:48:11',0,NULL),(4124,528830,'monitor bug','HTTP',80,'RANDOM',0,'NONE','DELETED',2,'2011-06-09 18:18:46','2011-06-09 18:48:12',0,NULL),(4125,528830,'monitor bug','HTTP',80,'RANDOM',0,'NONE','DELETED',2,'2011-06-09 18:18:47','2011-06-09 18:48:14',0,NULL),(4126,528830,'monitor bug','HTTP',80,'RANDOM',0,'NONE','DELETED',2,'2011-06-09 18:23:31','2011-06-09 18:48:15',0,NULL),(4127,528830,'monitor bug','HTTP',80,'RANDOM',0,'NONE','DELETED',2,'2011-06-09 18:26:50','2011-06-09 18:48:17',0,NULL),(4128,528830,'monitor bug','HTTP',80,'RANDOM',0,'NONE','DELETED',2,'2011-06-09 18:29:06','2011-06-09 18:48:19',0,NULL),(4129,528830,'monitor bug','HTTP',80,'RANDOM',0,'NONE','DELETED',2,'2011-06-09 18:30:37','2011-06-09 18:48:21',0,NULL),(4130,528830,'monitor bug','HTTP',80,'RANDOM',0,'NONE','DELETED',2,'2011-06-09 18:34:28','2011-06-09 18:48:24',0,NULL),(4131,528830,'monitor bug','HTTP',80,'RANDOM',0,'NONE','DELETED',2,'2011-06-09 18:34:29','2011-06-09 18:48:24',0,NULL),(4132,528830,'monitor bug','HTTP',80,'RANDOM',0,'NONE','DELETED',2,'2011-06-09 18:34:30','2011-06-09 18:48:26',0,NULL),(4142,528830,'monitor bug','HTTP',80,'RANDOM',0,'NONE','DELETED',2,'2011-06-09 18:49:39','2011-06-09 21:04:37',0,NULL),(4143,406271,'monitor bug','HTTP',80,'RANDOM',0,'NONE','ACTIVE',2,'2011-06-09 18:52:23','2011-06-09 18:52:28',0,NULL),(4144,546428,'blacklistednode','HTTP',90,'RANDOM',0,'NONE','ACTIVE',2,'2011-06-09 19:52:49','2011-06-09 19:53:03',0,NULL),(4154,546428,'LBTest1571','HTTP',80,'WEIGHTED_ROUND_ROBIN',0,'NONE','ACTIVE',2,'2011-06-09 21:06:51','2011-06-09 21:06:58',0,NULL),(4164,528830,'monitor bug','HTTP',80,'RANDOM',0,'NONE','DELETED',2,'2011-06-09 21:27:03','2011-06-09 21:44:27',0,NULL),(4192,528830,'monitor bug','HTTP',80,'RANDOM',0,'NONE','DELETED',2,'2011-06-09 21:44:42','2011-06-09 21:45:26',0,NULL),(4193,528830,'monitor bug','HTTP',80,'RANDOM',0,'NONE','DELETED',2,'2011-06-09 21:44:42','2011-06-09 21:45:29',0,NULL),(4194,528830,'monitor bug','HTTP',80,'RANDOM',0,'NONE','DELETED',2,'2011-06-09 21:44:42','2011-06-09 21:45:31',0,NULL),(4195,528830,'monitor bug','HTTP',80,'RANDOM',0,'NONE','DELETED',2,'2011-06-09 21:44:43','2011-06-09 21:45:34',0,NULL),(4196,528830,'monitor bug','HTTP',80,'RANDOM',0,'NONE','DELETED',2,'2011-06-09 21:44:43','2011-06-09 21:45:36',0,NULL),(4197,528830,'monitor bug','HTTP',80,'RANDOM',0,'NONE','DELETED',2,'2011-06-09 21:48:00','2011-06-09 22:07:57',0,NULL),(4198,528830,'monitor bug','HTTP',80,'RANDOM',0,'NONE','DELETED',2,'2011-06-09 21:48:00','2011-06-09 22:07:57',0,NULL),(4199,528830,'monitor bug','HTTP',80,'RANDOM',0,'NONE','DELETED',2,'2011-06-09 21:48:00','2011-06-09 22:07:59',0,NULL),(4200,528830,'monitor bug','HTTP',80,'RANDOM',0,'NONE','DELETED',2,'2011-06-09 21:48:00','2011-06-09 22:08:01',0,NULL),(4264,528830,'monitor bug','HTTP',80,'RANDOM',0,'NONE','DELETED',2,'2011-06-09 22:12:17','2011-06-09 22:27:04',0,NULL),(4265,528830,'monitor bug','HTTP',80,'RANDOM',0,'NONE','DELETED',2,'2011-06-09 22:12:17','2011-06-09 22:27:04',0,NULL),(4266,528830,'monitor bug','HTTP',80,'RANDOM',0,'NONE','DELETED',2,'2011-06-09 22:12:17','2011-06-09 22:27:06',0,NULL),(4276,528830,'monitor bug','HTTP',80,'RANDOM',0,'NONE','DELETED',2,'2011-06-09 22:27:19','2011-06-09 22:33:53',0,NULL),(4289,528830,'monitor bug','HTTP',80,'RANDOM',0,'NONE','DELETED',2,'2011-06-09 22:34:27','2011-06-09 22:45:14',0,NULL),(4290,528830,'monitor bug','HTTP',80,'RANDOM',0,'NONE','DELETED',2,'2011-06-09 22:34:27','2011-06-09 22:45:15',0,NULL),(4303,528830,'monitor bug','HTTP',80,'RANDOM',0,'NONE','DELETED',2,'2011-06-09 22:45:30','2011-06-10 19:12:17',0,NULL),(4343,528830,'monitor bug','HTTP',80,'RANDOM',0,'NONE','DELETED',2,'2011-06-10 18:54:23','2011-06-10 19:12:21',0,NULL),(4344,528830,'monitor bug','HTTP',80,'RANDOM',0,'NONE','DELETED',2,'2011-06-10 18:54:51','2011-06-10 19:12:24',0,NULL),(4345,528830,'monitor bug','HTTP',80,'RANDOM',0,'NONE','DELETED',2,'2011-06-10 18:54:51','2011-06-10 19:12:28',0,NULL),(4346,528830,'monitor bug','HTTP',80,'RANDOM',0,'NONE','DELETED',2,'2011-06-10 18:54:52','2011-06-10 19:12:29',0,NULL),(4347,528830,'monitor bug','HTTP',80,'RANDOM',0,'NONE','DELETED',2,'2011-06-10 18:54:52','2011-06-10 19:12:34',0,NULL),(4348,528830,'monitor bug','HTTP',80,'RANDOM',0,'NONE','DELETED',2,'2011-06-10 18:54:52','2011-06-10 19:12:35',0,NULL),(4349,528830,'monitor bug','HTTP',80,'RANDOM',0,'NONE','DELETED',2,'2011-06-10 19:02:54','2011-06-10 19:12:35',0,NULL),(4350,528830,'monitor bug','HTTP',80,'RANDOM',0,'NONE','DELETED',2,'2011-06-10 19:04:38','2011-06-10 19:12:38',0,NULL),(4351,528830,'monitor bug','HTTP',80,'RANDOM',0,'NONE','DELETED',2,'2011-06-10 19:13:43','2011-06-10 19:28:38',0,NULL),(4352,528830,'monitor bug','HTTP',80,'RANDOM',0,'NONE','DELETED',2,'2011-06-10 19:13:43','2011-06-10 19:28:38',0,NULL),(4366,528830,'monitor bug','HTTP',80,'RANDOM',0,'NONE','DELETED',2,'2011-06-10 19:29:23','2011-06-10 19:39:50',0,NULL),(4367,528830,'monitor bug','HTTP',80,'RANDOM',0,'NONE','DELETED',2,'2011-06-10 19:29:23','2011-06-10 19:39:51',0,NULL),(4392,528830,'monitor bug','HTTP',80,'RANDOM',0,'NONE','DELETED',2,'2011-06-10 19:40:30','2011-06-10 20:03:29',0,NULL),(4393,528830,'monitor bug','HTTP',80,'RANDOM',0,'NONE','DELETED',2,'2011-06-10 19:40:30','2011-06-10 20:03:29',0,NULL),(4403,528830,'monitor bug','HTTP',80,'RANDOM',0,'NONE','DELETED',2,'2011-06-10 20:03:56','2011-06-10 20:05:07',0,NULL),(4404,528830,'monitor bug','HTTP',80,'RANDOM',0,'NONE','DELETED',2,'2011-06-10 20:03:56','2011-06-10 20:05:10',0,NULL),(4405,528830,'monitor bug','HTTP',80,'RANDOM',0,'NONE','DELETED',2,'2011-06-10 20:03:56','2011-06-10 20:05:12',0,NULL),(4406,528830,'monitor bug','HTTP',80,'RANDOM',0,'NONE','DELETED',2,'2011-06-10 20:05:30','2011-06-10 20:06:17',0,NULL),(4407,528830,'monitor bug','HTTP',80,'RANDOM',0,'NONE','DELETED',2,'2011-06-10 20:05:31','2011-06-10 20:06:20',0,NULL),(4408,528830,'monitor bug','HTTP',80,'RANDOM',0,'NONE','DELETED',2,'2011-06-10 20:05:31','2011-06-10 20:06:23',0,NULL),(4409,528830,'monitor bug','HTTP',80,'RANDOM',0,'NONE','DELETED',2,'2011-06-10 20:05:31','2011-06-10 20:06:24',0,NULL),(4410,528830,'monitor bug','HTTP',80,'RANDOM',0,'NONE','ACTIVE',2,'2011-06-10 20:14:50','2011-06-10 20:26:55',0,NULL),(4411,528830,'monitor bug','HTTP',80,'RANDOM',0,'NONE','ACTIVE',2,'2011-06-10 20:14:50','2011-06-10 20:15:03',0,NULL),(4412,528830,'monitor bug','HTTP',80,'RANDOM',0,'NONE','ACTIVE',2,'2011-06-10 20:14:50','2011-06-10 20:15:03',0,NULL),(4413,528830,'monitor bug','HTTP',80,'RANDOM',0,'NONE','ACTIVE',2,'2011-06-10 20:14:50','2011-06-10 20:15:03',0,NULL),(4520,406271,'monitor bug','HTTP',80,'RANDOM',0,'NONE','ACTIVE',2,'2011-06-14 15:41:59','2011-06-14 15:42:06',0,NULL),(4521,406271,'monitor bug','HTTP',80,'RANDOM',0,'NONE','ACTIVE',2,'2011-06-14 15:56:38','2011-06-14 15:56:47',0,NULL),(4522,406271,'monitor bug','HTTP',80,'RANDOM',0,'NONE','ACTIVE',2,'2011-06-14 15:57:24','2011-06-14 15:57:29',0,NULL);
/*!40000 ALTER TABLE `loadbalancer` ENABLE KEYS */;
UNLOCK TABLES;




LOCK TABLES `virtual_ip_ipv4` WRITE;
/*!40000 ALTER TABLE `virtual_ip_ipv4` DISABLE KEYS */;
INSERT INTO `virtual_ip_ipv4` VALUES (1,'10.0.0.5','2011-06-08 03:01:58','2011-06-06 20:50:34','PUBLIC',1,1),(3,'10.0.0.6','2011-06-06 21:03:10',NULL,'PUBLIC',1,1),(4,'10.0.0.7','2011-06-06 21:48:57',NULL,'PUBLIC',1,1),(5,'10.0.0.8','2011-06-10 19:02:54','2011-06-10 19:12:35','PUBLIC',1,0),(6,'10.0.0.9','2011-06-10 19:04:38','2011-06-10 19:12:38','PUBLIC',1,0),(7,'10.0.0.10','2011-06-09 19:52:48','2011-06-08 18:14:25','PUBLIC',1,1),(8,'10.0.0.11','2011-06-09 21:06:51','2011-06-08 18:14:46','PUBLIC',1,1),(9,'10.0.0.12','2011-06-06 21:55:04','2011-06-08 18:14:49','PUBLIC',1,0),(10,'10.0.0.13','2011-06-06 21:55:14','2011-06-08 18:14:58','PUBLIC',1,0),(11,'10.0.0.14','2011-06-06 21:59:06','2011-06-08 18:15:02','PUBLIC',1,0),(12,'10.0.0.15','2011-06-06 21:59:22','2011-06-08 18:15:08','PUBLIC',1,0),(13,'10.0.0.16','2011-06-08 20:31:29','2011-06-08 20:39:52','PUBLIC',1,0),(14,'10.0.0.17','2011-06-07 17:42:26','2011-06-08 18:15:14','PUBLIC',1,0),(15,'10.0.0.18','2011-06-08 21:19:27','2011-06-09 18:49:00','PUBLIC',1,0),(16,'10.0.0.19','2011-06-09 15:25:20','2011-06-09 15:30:43','PUBLIC',1,0),(17,'10.0.0.20','2011-06-09 15:25:20','2011-06-09 15:30:45','PUBLIC',1,0),(18,'10.0.0.21','2011-06-07 19:52:48','2011-06-09 18:48:52','PUBLIC',1,0),(19,'10.0.0.22','2011-06-09 15:27:43','2011-06-09 15:30:47','PUBLIC',1,0),(20,'10.0.0.23','2011-06-09 15:27:43','2011-06-09 15:30:48','PUBLIC',1,0),(21,'10.0.0.24','2011-06-07 20:12:04',NULL,'PUBLIC',1,1),(22,'10.0.0.25','2011-06-07 20:15:21',NULL,'PUBLIC',1,1),(23,'10.0.0.26','2011-06-07 20:21:40',NULL,'PUBLIC',1,1),(24,'10.0.0.27','2011-06-09 15:27:43','2011-06-09 15:30:50','PUBLIC',1,0),(25,'10.0.0.28','2011-06-09 15:27:44','2011-06-09 15:30:53','PUBLIC',1,0),(26,'10.0.0.29','2011-06-09 15:31:38',NULL,'PUBLIC',1,1),(27,'10.0.0.30','2011-06-09 15:31:38',NULL,'PUBLIC',1,1),(28,'10.0.0.31','2011-06-09 15:31:38',NULL,'PUBLIC',1,1),(29,'10.0.0.32','2011-06-09 15:31:38',NULL,'PUBLIC',1,1),(30,'10.0.0.33','2011-06-09 15:31:39',NULL,'PUBLIC',1,1),(31,'10.0.0.34',NULL,NULL,'PUBLIC',1,0),(32,'10.0.0.35',NULL,NULL,'PUBLIC',1,0),(33,'10.0.0.36',NULL,NULL,'PUBLIC',1,0),(34,'10.0.0.37',NULL,NULL,'PUBLIC',1,0),(35,'10.0.0.38',NULL,NULL,'PUBLIC',1,0),(36,'10.0.0.39',NULL,NULL,'PUBLIC',1,0),(37,'10.0.0.40',NULL,NULL,'PUBLIC',1,0),(38,'10.0.0.41',NULL,NULL,'PUBLIC',1,0),(39,'10.0.0.42',NULL,NULL,'PUBLIC',1,0),(40,'10.0.0.43',NULL,NULL,'PUBLIC',1,0),(41,'10.0.0.44',NULL,NULL,'PUBLIC',1,0),(42,'10.0.0.45',NULL,NULL,'PUBLIC',1,0),(43,'10.0.0.46',NULL,NULL,'PUBLIC',1,0),(44,'10.0.0.47',NULL,NULL,'PUBLIC',1,0),(45,'10.0.0.48',NULL,NULL,'PUBLIC',1,0),(46,'10.0.0.49',NULL,NULL,'PUBLIC',1,0),(47,'10.0.0.50',NULL,NULL,'PUBLIC',1,0),(48,'10.0.0.51',NULL,NULL,'PUBLIC',1,0),(49,'10.0.0.52',NULL,NULL,'PUBLIC',1,0),(50,'10.0.0.53',NULL,NULL,'PUBLIC',1,0),(51,'10.0.0.54',NULL,NULL,'PUBLIC',1,0),(52,'10.0.0.55',NULL,NULL,'PUBLIC',1,0),(53,'10.0.0.56',NULL,NULL,'PUBLIC',1,0),(54,'10.0.0.57',NULL,NULL,'PUBLIC',1,0),(55,'10.0.0.58',NULL,NULL,'PUBLIC',1,0),(56,'10.0.0.59',NULL,NULL,'PUBLIC',1,0),(57,'10.0.0.60',NULL,NULL,'PUBLIC',1,0),(58,'10.0.0.61',NULL,NULL,'PUBLIC',1,0),(59,'10.0.0.62',NULL,NULL,'PUBLIC',1,0),(60,'10.0.0.63',NULL,NULL,'PUBLIC',1,0),(61,'10.0.0.64',NULL,NULL,'PUBLIC',1,0),(62,'10.0.0.65',NULL,NULL,'PUBLIC',1,0),(63,'10.0.0.66',NULL,NULL,'PUBLIC',1,0),(64,'10.0.0.67',NULL,NULL,'PUBLIC',1,0),(65,'10.0.0.68',NULL,NULL,'PUBLIC',1,0),(66,'10.0.0.69',NULL,NULL,'PUBLIC',1,0),(67,'10.0.0.70',NULL,NULL,'PUBLIC',1,0),(68,'10.0.0.71',NULL,NULL,'PUBLIC',1,0),(69,'10.0.0.72',NULL,NULL,'PUBLIC',1,0),(70,'10.0.0.73',NULL,NULL,'PUBLIC',1,0),(71,'10.0.0.74',NULL,NULL,'PUBLIC',1,0),(72,'10.0.0.75',NULL,NULL,'PUBLIC',1,0),(73,'10.0.0.76',NULL,NULL,'PUBLIC',1,0),(74,'10.0.0.77',NULL,NULL,'PUBLIC',1,0),(75,'10.0.0.78',NULL,NULL,'PUBLIC',1,0),(76,'10.0.0.79',NULL,NULL,'PUBLIC',1,0),(77,'10.0.0.80',NULL,NULL,'PUBLIC',1,0),(78,'10.0.0.81',NULL,NULL,'PUBLIC',1,0),(79,'10.0.0.82',NULL,NULL,'PUBLIC',1,0),(80,'10.0.0.83',NULL,NULL,'PUBLIC',1,0),(81,'10.0.0.84',NULL,NULL,'PUBLIC',1,0),(82,'10.0.0.85',NULL,NULL,'PUBLIC',1,0),(83,'10.0.0.86',NULL,NULL,'PUBLIC',1,0),(84,'10.0.0.87',NULL,NULL,'PUBLIC',1,0),(85,'10.0.0.88',NULL,NULL,'PUBLIC',1,0),(86,'10.0.0.89',NULL,NULL,'PUBLIC',1,0),(87,'10.0.0.90',NULL,NULL,'PUBLIC',1,0),(88,'10.0.0.91',NULL,NULL,'PUBLIC',1,0),(89,'10.0.0.92',NULL,NULL,'PUBLIC',1,0),(90,'10.0.0.93',NULL,NULL,'PUBLIC',1,0),(91,'10.0.0.94',NULL,NULL,'PUBLIC',1,0),(92,'10.0.0.95',NULL,NULL,'PUBLIC',1,0),(93,'10.0.0.96',NULL,NULL,'PUBLIC',1,0),(94,'10.0.0.97',NULL,NULL,'PUBLIC',1,0),(95,'10.0.0.98',NULL,NULL,'PUBLIC',1,0),(96,'10.0.0.99',NULL,NULL,'PUBLIC',1,0),(97,'10.0.0.100',NULL,NULL,'PUBLIC',1,0),(98,'10.0.0.101',NULL,NULL,'PUBLIC',1,0),(99,'10.0.0.102',NULL,NULL,'PUBLIC',1,0),(100,'10.0.0.103',NULL,NULL,'PUBLIC',1,0),(101,'10.0.0.104',NULL,NULL,'PUBLIC',1,0),(102,'10.0.0.105',NULL,NULL,'PUBLIC',1,0),(103,'10.0.0.106',NULL,NULL,'PUBLIC',1,0),(104,'10.0.0.107',NULL,NULL,'PUBLIC',1,0),(105,'10.0.0.108',NULL,NULL,'PUBLIC',1,0),(106,'10.0.0.109',NULL,NULL,'PUBLIC',1,0),(107,'10.0.0.110',NULL,NULL,'PUBLIC',1,0),(108,'10.0.0.111',NULL,NULL,'PUBLIC',1,0),(109,'10.0.0.112',NULL,NULL,'PUBLIC',1,0),(110,'10.0.0.113',NULL,NULL,'PUBLIC',1,0),(111,'10.0.0.114',NULL,NULL,'PUBLIC',1,0),(112,'10.0.0.115',NULL,NULL,'PUBLIC',1,0),(113,'10.0.0.116',NULL,NULL,'PUBLIC',1,0),(114,'10.0.0.117',NULL,NULL,'PUBLIC',1,0),(115,'10.0.0.118',NULL,NULL,'PUBLIC',1,0),(116,'10.0.0.119',NULL,NULL,'PUBLIC',1,0),(117,'10.0.0.120',NULL,NULL,'PUBLIC',1,0),(118,'10.0.0.121',NULL,NULL,'PUBLIC',1,0),(119,'10.0.0.122',NULL,NULL,'PUBLIC',1,0),(120,'10.0.0.123',NULL,NULL,'PUBLIC',1,0),(121,'10.0.0.124',NULL,NULL,'PUBLIC',1,0),(122,'10.0.0.125',NULL,NULL,'PUBLIC',1,0),(123,'10.0.0.126',NULL,NULL,'PUBLIC',1,0),(124,'10.0.0.127',NULL,NULL,'PUBLIC',1,0),(125,'10.0.0.128',NULL,NULL,'PUBLIC',1,0),(126,'10.0.0.129',NULL,NULL,'PUBLIC',1,0),(127,'10.0.0.130',NULL,NULL,'PUBLIC',1,0),(128,'10.0.0.131',NULL,NULL,'PUBLIC',1,0),(129,'10.0.0.132',NULL,NULL,'PUBLIC',1,0),(130,'10.0.0.133',NULL,NULL,'PUBLIC',1,0),(131,'10.0.0.134',NULL,NULL,'PUBLIC',1,0),(132,'10.0.0.135',NULL,NULL,'PUBLIC',1,0),(133,'10.0.0.136',NULL,NULL,'PUBLIC',1,0),(134,'10.0.0.137',NULL,NULL,'PUBLIC',1,0),(135,'10.0.0.138',NULL,NULL,'PUBLIC',1,0),(136,'10.0.0.139',NULL,NULL,'PUBLIC',1,0),(137,'10.0.0.140',NULL,NULL,'PUBLIC',1,0),(138,'10.0.0.141',NULL,NULL,'PUBLIC',1,0),(139,'10.0.0.142',NULL,NULL,'PUBLIC',1,0),(140,'10.0.0.143',NULL,NULL,'PUBLIC',1,0),(141,'10.0.0.144',NULL,NULL,'PUBLIC',1,0),(142,'10.0.0.145',NULL,NULL,'PUBLIC',1,0),(143,'10.0.0.146',NULL,NULL,'PUBLIC',1,0),(144,'10.0.0.147',NULL,NULL,'PUBLIC',1,0),(145,'10.0.0.148',NULL,NULL,'PUBLIC',1,0),(146,'10.0.0.149',NULL,NULL,'PUBLIC',1,0),(147,'10.0.0.150',NULL,NULL,'PUBLIC',1,0),(148,'10.0.0.151',NULL,NULL,'PUBLIC',1,0),(149,'10.0.0.152',NULL,NULL,'PUBLIC',1,0),(150,'10.0.0.153',NULL,NULL,'PUBLIC',1,0),(151,'10.0.0.154',NULL,NULL,'PUBLIC',1,0),(152,'10.0.0.155',NULL,NULL,'PUBLIC',1,0),(153,'10.0.0.156',NULL,NULL,'PUBLIC',1,0),(154,'10.0.0.157',NULL,NULL,'PUBLIC',1,0),(155,'10.0.0.158',NULL,NULL,'PUBLIC',1,0),(156,'10.0.0.159',NULL,NULL,'PUBLIC',1,0),(157,'10.0.0.160',NULL,NULL,'PUBLIC',1,0),(158,'10.0.0.161',NULL,NULL,'PUBLIC',1,0),(159,'10.0.0.162',NULL,NULL,'PUBLIC',1,0),(160,'10.0.0.163',NULL,NULL,'PUBLIC',1,0),(161,'10.0.0.164',NULL,NULL,'PUBLIC',1,0),(162,'10.0.0.165',NULL,NULL,'PUBLIC',1,0),(163,'10.0.0.166',NULL,NULL,'PUBLIC',1,0),(164,'10.0.0.167',NULL,NULL,'PUBLIC',1,0),(165,'10.0.0.168',NULL,NULL,'PUBLIC',1,0),(166,'10.0.0.169',NULL,NULL,'PUBLIC',1,0),(167,'10.0.0.170',NULL,NULL,'PUBLIC',1,0),(168,'10.0.0.171',NULL,NULL,'PUBLIC',1,0),(169,'10.0.0.172',NULL,NULL,'PUBLIC',1,0),(170,'10.0.0.173',NULL,NULL,'PUBLIC',1,0),(171,'10.0.0.174',NULL,NULL,'PUBLIC',1,0),(172,'10.0.0.175',NULL,NULL,'PUBLIC',1,0),(173,'10.0.0.176',NULL,NULL,'PUBLIC',1,0),(174,'10.0.0.177',NULL,NULL,'PUBLIC',1,0),(175,'10.0.0.178',NULL,NULL,'PUBLIC',1,0),(176,'10.0.0.179',NULL,NULL,'PUBLIC',1,0),(177,'10.0.0.180',NULL,NULL,'PUBLIC',1,0),(178,'10.0.0.181',NULL,NULL,'PUBLIC',1,0),(179,'10.0.0.182',NULL,NULL,'PUBLIC',1,0),(180,'10.0.0.183',NULL,NULL,'PUBLIC',1,0),(181,'10.0.0.184',NULL,NULL,'PUBLIC',1,0),(182,'10.0.0.185',NULL,NULL,'PUBLIC',1,0),(183,'10.0.0.186',NULL,NULL,'PUBLIC',1,0),(184,'10.0.0.187',NULL,NULL,'PUBLIC',1,0),(185,'10.0.0.188',NULL,NULL,'PUBLIC',1,0),(186,'10.0.0.189',NULL,NULL,'PUBLIC',1,0),(187,'10.0.0.190',NULL,NULL,'PUBLIC',1,0),(188,'10.0.0.191',NULL,NULL,'PUBLIC',1,0),(189,'10.0.0.192',NULL,NULL,'PUBLIC',1,0),(190,'10.0.0.193',NULL,NULL,'PUBLIC',1,0),(191,'10.0.0.194',NULL,NULL,'PUBLIC',1,0),(192,'10.0.0.195',NULL,NULL,'PUBLIC',1,0),(193,'10.0.0.196',NULL,NULL,'PUBLIC',1,0),(194,'10.0.0.197',NULL,NULL,'PUBLIC',1,0),(195,'10.0.0.198',NULL,NULL,'PUBLIC',1,0),(196,'10.0.0.199',NULL,NULL,'PUBLIC',1,0),(197,'10.0.0.200',NULL,NULL,'PUBLIC',1,0),(198,'10.0.0.201',NULL,NULL,'PUBLIC',1,0),(199,'10.0.0.202',NULL,NULL,'PUBLIC',1,0),(200,'10.0.0.203',NULL,NULL,'PUBLIC',1,0),(201,'10.0.0.204',NULL,NULL,'PUBLIC',1,0),(202,'10.0.0.205',NULL,NULL,'PUBLIC',1,0),(203,'10.0.0.206',NULL,NULL,'PUBLIC',1,0),(204,'10.0.0.207',NULL,NULL,'PUBLIC',1,0),(205,'10.0.0.208',NULL,NULL,'PUBLIC',1,0),(206,'10.0.0.209',NULL,NULL,'PUBLIC',1,0),(207,'10.0.0.210',NULL,NULL,'PUBLIC',1,0),(208,'10.0.0.211',NULL,NULL,'PUBLIC',1,0),(209,'10.0.0.212',NULL,NULL,'PUBLIC',1,0),(210,'10.0.0.213',NULL,NULL,'PUBLIC',1,0),(211,'10.0.0.214',NULL,NULL,'PUBLIC',1,0),(212,'10.0.0.215',NULL,NULL,'PUBLIC',1,0),(213,'10.0.0.216',NULL,NULL,'PUBLIC',1,0),(214,'10.0.0.217',NULL,NULL,'PUBLIC',1,0),(215,'10.0.0.218',NULL,NULL,'PUBLIC',1,0),(216,'10.0.0.219',NULL,NULL,'PUBLIC',1,0),(217,'10.0.0.220',NULL,NULL,'PUBLIC',1,0),(218,'10.0.0.221',NULL,NULL,'PUBLIC',1,0),(219,'10.0.0.222',NULL,NULL,'PUBLIC',1,0),(220,'10.0.0.223',NULL,NULL,'PUBLIC',1,0),(221,'10.0.0.224',NULL,NULL,'PUBLIC',1,0),(222,'10.0.0.225',NULL,NULL,'PUBLIC',1,0),(223,'10.0.0.226',NULL,NULL,'PUBLIC',1,0),(224,'10.0.0.227',NULL,NULL,'PUBLIC',1,0),(225,'10.0.0.228',NULL,NULL,'PUBLIC',1,0),(226,'10.0.0.229',NULL,NULL,'PUBLIC',1,0),(227,'10.0.0.230',NULL,NULL,'PUBLIC',1,0),(228,'10.0.0.231',NULL,NULL,'PUBLIC',1,0),(229,'10.0.0.232',NULL,NULL,'PUBLIC',1,0),(230,'10.0.0.233',NULL,NULL,'PUBLIC',1,0),(231,'10.0.0.234',NULL,NULL,'PUBLIC',1,0),(232,'10.0.0.235',NULL,NULL,'PUBLIC',1,0),(233,'10.0.0.236',NULL,NULL,'PUBLIC',1,0),(234,'10.0.0.237',NULL,NULL,'PUBLIC',1,0),(235,'10.0.0.238',NULL,NULL,'PUBLIC',1,0),(236,'10.0.0.239',NULL,NULL,'PUBLIC',1,0),(237,'10.0.0.240',NULL,NULL,'PUBLIC',1,0),(238,'10.0.0.241',NULL,NULL,'PUBLIC',1,0),(239,'10.0.0.242',NULL,NULL,'PUBLIC',1,0),(240,'10.0.0.243',NULL,NULL,'PUBLIC',1,0),(241,'10.0.0.244',NULL,NULL,'PUBLIC',1,0),(242,'10.0.0.245',NULL,NULL,'PUBLIC',1,0),(243,'10.0.0.246',NULL,NULL,'PUBLIC',1,0),(244,'10.0.0.247',NULL,NULL,'PUBLIC',1,0),(245,'10.0.0.248',NULL,NULL,'PUBLIC',1,0),(246,'10.0.0.249',NULL,NULL,'PUBLIC',1,0),(247,'10.0.0.250',NULL,NULL,'PUBLIC',1,0),(248,'10.0.0.251',NULL,NULL,'PUBLIC',1,0),(249,'10.0.0.252',NULL,NULL,'PUBLIC',1,0),(250,'10.0.0.253',NULL,NULL,'PUBLIC',1,0),(251,'10.0.0.254',NULL,NULL,'PUBLIC',1,0),(252,'10.0.0.255',NULL,NULL,'PUBLIC',1,0),(253,'10.0.1.0',NULL,NULL,'PUBLIC',1,0),(254,'10.0.1.1',NULL,NULL,'PUBLIC',1,0),(255,'10.0.1.2',NULL,NULL,'PUBLIC',1,0),(256,'10.0.1.3',NULL,NULL,'PUBLIC',1,0),(257,'10.0.1.4',NULL,NULL,'PUBLIC',1,0),(258,'10.0.1.5',NULL,NULL,'PUBLIC',1,0),(259,'10.0.1.6','2011-06-07 19:43:24','2011-06-07 19:44:09','SERVICENET',1,0),(260,'10.0.1.7','2011-06-07 19:47:00','2011-06-07 20:16:41','SERVICENET',1,0),(261,'10.0.1.8','2011-06-07 19:48:47','2011-06-07 20:16:44','SERVICENET',1,0),(262,'10.0.1.9','2011-06-07 19:49:23','2011-06-07 19:51:26','SERVICENET',1,0),(263,'10.0.1.10','2011-06-07 19:52:56','2011-06-07 20:16:47','SERVICENET',1,0),(264,'10.0.1.11','2011-06-07 20:14:47','2011-06-07 20:16:50','SERVICENET',1,0),(265,'10.0.1.12','2011-06-07 20:20:25','2011-06-07 21:00:12','SERVICENET',1,0),(266,'10.0.1.13','2011-06-07 20:23:51','2011-06-07 21:00:13','SERVICENET',1,0),(267,'10.0.1.14','2011-06-07 20:33:35',NULL,'SERVICENET',1,1),(268,'10.0.1.15','2011-06-07 21:00:47',NULL,'SERVICENET',1,1),(269,'10.0.1.16',NULL,NULL,'SERVICENET',1,0),(270,'10.0.1.17',NULL,NULL,'SERVICENET',1,0),(271,'10.0.1.18',NULL,NULL,'SERVICENET',1,0),(272,'10.0.1.19',NULL,NULL,'SERVICENET',1,0),(273,'10.0.1.20',NULL,NULL,'SERVICENET',1,0),(274,'10.0.1.21',NULL,NULL,'SERVICENET',1,0),(275,'10.0.1.22',NULL,NULL,'SERVICENET',1,0),(276,'10.0.1.23',NULL,NULL,'SERVICENET',1,0),(277,'10.0.1.24',NULL,NULL,'SERVICENET',1,0),(278,'10.0.1.25',NULL,NULL,'SERVICENET',1,0),(279,'10.0.1.26',NULL,NULL,'SERVICENET',1,0),(280,'10.0.1.27',NULL,NULL,'SERVICENET',1,0),(281,'10.0.1.28',NULL,NULL,'SERVICENET',1,0),(282,'10.0.1.29',NULL,NULL,'SERVICENET',1,0),(283,'10.0.1.30',NULL,NULL,'SERVICENET',1,0),(284,'10.0.1.31',NULL,NULL,'SERVICENET',1,0),(285,'10.0.1.32',NULL,NULL,'SERVICENET',1,0),(286,'10.0.1.33',NULL,NULL,'SERVICENET',1,0),(287,'10.0.1.34',NULL,NULL,'SERVICENET',1,0),(288,'10.0.1.35',NULL,NULL,'SERVICENET',1,0),(289,'10.0.1.36',NULL,NULL,'SERVICENET',1,0),(290,'10.0.1.37',NULL,NULL,'SERVICENET',1,0),(291,'10.0.1.38',NULL,NULL,'SERVICENET',1,0),(292,'10.0.1.39',NULL,NULL,'SERVICENET',1,0),(293,'10.0.1.40',NULL,NULL,'SERVICENET',1,0),(294,'10.0.1.41',NULL,NULL,'SERVICENET',1,0),(295,'10.0.1.42',NULL,NULL,'SERVICENET',1,0),(296,'10.0.1.43',NULL,NULL,'SERVICENET',1,0),(297,'10.0.1.44',NULL,NULL,'SERVICENET',1,0),(298,'10.0.1.45',NULL,NULL,'SERVICENET',1,0),(299,'10.0.1.46',NULL,NULL,'SERVICENET',1,0),(300,'10.0.1.47',NULL,NULL,'SERVICENET',1,0),(301,'10.0.1.48',NULL,NULL,'SERVICENET',1,0),(302,'10.0.1.49',NULL,NULL,'SERVICENET',1,0),(303,'10.0.1.50',NULL,NULL,'SERVICENET',1,0),(304,'10.0.1.51',NULL,NULL,'SERVICENET',1,0),(305,'10.0.1.52',NULL,NULL,'SERVICENET',1,0),(306,'10.0.1.53',NULL,NULL,'SERVICENET',1,0),(307,'10.0.1.54',NULL,NULL,'SERVICENET',1,0),(308,'10.0.1.55',NULL,NULL,'SERVICENET',1,0),(309,'10.0.1.56',NULL,NULL,'SERVICENET',1,0),(310,'10.0.1.57',NULL,NULL,'SERVICENET',1,0),(311,'10.0.1.58',NULL,NULL,'SERVICENET',1,0),(312,'10.0.1.59',NULL,NULL,'SERVICENET',1,0),(313,'10.0.1.60',NULL,NULL,'SERVICENET',1,0),(314,'10.0.1.61',NULL,NULL,'SERVICENET',1,0),(315,'10.0.1.62',NULL,NULL,'SERVICENET',1,0),(316,'10.0.1.63',NULL,NULL,'SERVICENET',1,0),(317,'10.0.1.64',NULL,NULL,'SERVICENET',1,0),(318,'10.0.1.65',NULL,NULL,'SERVICENET',1,0),(319,'10.0.1.66',NULL,NULL,'SERVICENET',1,0),(320,'10.0.1.67',NULL,NULL,'SERVICENET',1,0),(321,'10.0.1.68',NULL,NULL,'SERVICENET',1,0),(322,'10.0.1.69',NULL,NULL,'SERVICENET',1,0),(323,'10.0.1.70',NULL,NULL,'SERVICENET',1,0),(324,'10.0.1.71',NULL,NULL,'SERVICENET',1,0),(325,'10.0.1.72',NULL,NULL,'SERVICENET',1,0),(326,'10.0.1.73',NULL,NULL,'SERVICENET',1,0),(327,'10.0.1.74',NULL,NULL,'SERVICENET',1,0),(328,'10.0.1.75',NULL,NULL,'SERVICENET',1,0),(329,'10.0.1.76',NULL,NULL,'SERVICENET',1,0),(330,'10.0.1.77',NULL,NULL,'SERVICENET',1,0),(331,'10.0.1.78',NULL,NULL,'SERVICENET',1,0),(332,'10.0.1.79',NULL,NULL,'SERVICENET',1,0),(333,'10.0.1.80',NULL,NULL,'SERVICENET',1,0),(334,'10.0.1.81',NULL,NULL,'SERVICENET',1,0),(335,'10.0.1.82',NULL,NULL,'SERVICENET',1,0),(336,'10.0.1.83',NULL,NULL,'SERVICENET',1,0),(337,'10.0.1.84',NULL,NULL,'SERVICENET',1,0),(338,'10.0.1.85',NULL,NULL,'SERVICENET',1,0),(339,'10.0.1.86',NULL,NULL,'SERVICENET',1,0),(340,'10.0.1.87',NULL,NULL,'SERVICENET',1,0),(341,'10.0.1.88',NULL,NULL,'SERVICENET',1,0),(342,'10.0.1.89',NULL,NULL,'SERVICENET',1,0),(343,'10.0.1.90',NULL,NULL,'SERVICENET',1,0),(344,'10.0.1.91',NULL,NULL,'SERVICENET',1,0),(345,'10.0.1.92',NULL,NULL,'SERVICENET',1,0),(346,'10.0.1.93',NULL,NULL,'SERVICENET',1,0),(347,'10.0.1.94',NULL,NULL,'SERVICENET',1,0),(348,'10.0.1.95',NULL,NULL,'SERVICENET',1,0),(349,'10.0.1.96',NULL,NULL,'SERVICENET',1,0),(350,'10.0.1.97',NULL,NULL,'SERVICENET',1,0),(351,'10.0.1.98',NULL,NULL,'SERVICENET',1,0),(352,'10.0.1.99',NULL,NULL,'SERVICENET',1,0),(353,'10.0.1.100',NULL,NULL,'SERVICENET',1,0),(354,'10.0.1.101',NULL,NULL,'SERVICENET',1,0),(355,'10.0.1.102',NULL,NULL,'SERVICENET',1,0),(356,'10.0.1.103',NULL,NULL,'SERVICENET',1,0),(357,'10.0.1.104',NULL,NULL,'SERVICENET',1,0),(358,'10.0.1.105',NULL,NULL,'SERVICENET',1,0),(359,'10.0.1.106',NULL,NULL,'SERVICENET',1,0),(360,'10.0.1.107',NULL,NULL,'SERVICENET',1,0),(361,'10.0.1.108',NULL,NULL,'SERVICENET',1,0),(362,'10.0.1.109',NULL,NULL,'SERVICENET',1,0),(363,'10.0.1.110',NULL,NULL,'SERVICENET',1,0),(364,'10.0.1.111',NULL,NULL,'SERVICENET',1,0),(365,'10.0.1.112',NULL,NULL,'SERVICENET',1,0),(366,'10.0.1.113',NULL,NULL,'SERVICENET',1,0),(367,'10.0.1.114',NULL,NULL,'SERVICENET',1,0),(368,'10.0.1.115',NULL,NULL,'SERVICENET',1,0),(369,'10.0.1.116',NULL,NULL,'SERVICENET',1,0),(370,'10.0.1.117',NULL,NULL,'SERVICENET',1,0),(371,'10.0.1.118',NULL,NULL,'SERVICENET',1,0),(372,'10.0.1.119',NULL,NULL,'SERVICENET',1,0),(373,'10.0.1.120',NULL,NULL,'SERVICENET',1,0),(374,'10.0.1.121',NULL,NULL,'SERVICENET',1,0),(375,'10.0.1.122',NULL,NULL,'SERVICENET',1,0),(376,'10.0.1.123',NULL,NULL,'SERVICENET',1,0),(377,'10.0.1.124',NULL,NULL,'SERVICENET',1,0),(378,'10.0.1.125',NULL,NULL,'SERVICENET',1,0),(379,'10.0.1.126',NULL,NULL,'SERVICENET',1,0),(380,'10.0.1.127',NULL,NULL,'SERVICENET',1,0),(381,'10.0.1.128',NULL,NULL,'SERVICENET',1,0),(382,'10.0.1.129',NULL,NULL,'SERVICENET',1,0),(383,'10.0.1.130',NULL,NULL,'SERVICENET',1,0),(384,'10.0.1.131',NULL,NULL,'SERVICENET',1,0),(385,'10.0.1.132',NULL,NULL,'SERVICENET',1,0),(386,'10.0.1.133',NULL,NULL,'SERVICENET',1,0),(387,'10.0.1.134',NULL,NULL,'SERVICENET',1,0),(388,'10.0.1.135',NULL,NULL,'SERVICENET',1,0),(389,'10.0.1.136',NULL,NULL,'SERVICENET',1,0),(390,'10.0.1.137',NULL,NULL,'SERVICENET',1,0),(391,'10.0.1.138',NULL,NULL,'SERVICENET',1,0),(392,'10.0.1.139',NULL,NULL,'SERVICENET',1,0),(393,'10.0.1.140',NULL,NULL,'SERVICENET',1,0),(394,'10.0.1.141',NULL,NULL,'SERVICENET',1,0),(395,'10.0.1.142',NULL,NULL,'SERVICENET',1,0),(396,'10.0.1.143',NULL,NULL,'SERVICENET',1,0),(397,'10.0.1.144',NULL,NULL,'SERVICENET',1,0),(398,'10.0.1.145',NULL,NULL,'SERVICENET',1,0),(399,'10.0.1.146',NULL,NULL,'SERVICENET',1,0),(400,'10.0.1.147',NULL,NULL,'SERVICENET',1,0),(401,'10.0.1.148',NULL,NULL,'SERVICENET',1,0),(402,'10.0.1.149',NULL,NULL,'SERVICENET',1,0),(403,'10.0.1.150',NULL,NULL,'SERVICENET',1,0),(404,'10.0.1.151',NULL,NULL,'SERVICENET',1,0),(405,'10.0.1.152',NULL,NULL,'SERVICENET',1,0),(406,'10.0.1.153',NULL,NULL,'SERVICENET',1,0),(407,'10.0.1.154',NULL,NULL,'SERVICENET',1,0),(408,'10.0.1.155',NULL,NULL,'SERVICENET',1,0),(409,'10.0.1.156',NULL,NULL,'SERVICENET',1,0),(410,'10.0.1.157',NULL,NULL,'SERVICENET',1,0),(411,'10.0.1.158',NULL,NULL,'SERVICENET',1,0),(412,'10.0.1.159',NULL,NULL,'SERVICENET',1,0),(413,'10.0.1.160',NULL,NULL,'SERVICENET',1,0),(414,'10.0.1.161',NULL,NULL,'SERVICENET',1,0),(415,'10.0.1.162',NULL,NULL,'SERVICENET',1,0),(416,'10.0.1.163',NULL,NULL,'SERVICENET',1,0),(417,'10.0.1.164',NULL,NULL,'SERVICENET',1,0),(418,'10.0.1.165',NULL,NULL,'SERVICENET',1,0),(419,'10.0.1.166',NULL,NULL,'SERVICENET',1,0),(420,'10.0.1.167',NULL,NULL,'SERVICENET',1,0),(421,'10.0.1.168',NULL,NULL,'SERVICENET',1,0),(422,'10.0.1.169',NULL,NULL,'SERVICENET',1,0),(423,'10.0.1.170',NULL,NULL,'SERVICENET',1,0),(424,'10.0.1.171',NULL,NULL,'SERVICENET',1,0),(425,'10.0.1.172',NULL,NULL,'SERVICENET',1,0),(426,'10.0.1.173',NULL,NULL,'SERVICENET',1,0),(427,'10.0.1.174',NULL,NULL,'SERVICENET',1,0),(428,'10.0.1.175',NULL,NULL,'SERVICENET',1,0),(429,'10.0.1.176',NULL,NULL,'SERVICENET',1,0),(430,'10.0.1.177',NULL,NULL,'SERVICENET',1,0),(431,'10.0.1.178',NULL,NULL,'SERVICENET',1,0),(432,'10.0.1.179',NULL,NULL,'SERVICENET',1,0),(433,'10.0.1.180',NULL,NULL,'SERVICENET',1,0),(434,'10.0.1.181',NULL,NULL,'SERVICENET',1,0),(435,'10.0.1.182',NULL,NULL,'SERVICENET',1,0),(436,'10.0.1.183',NULL,NULL,'SERVICENET',1,0),(437,'10.0.1.184',NULL,NULL,'SERVICENET',1,0),(438,'10.0.1.185',NULL,NULL,'SERVICENET',1,0),(439,'10.0.1.186',NULL,NULL,'SERVICENET',1,0),(440,'10.0.1.187',NULL,NULL,'SERVICENET',1,0),(441,'10.0.1.188',NULL,NULL,'SERVICENET',1,0),(442,'10.0.1.189',NULL,NULL,'SERVICENET',1,0),(443,'10.0.1.190',NULL,NULL,'SERVICENET',1,0),(444,'10.0.1.191',NULL,NULL,'SERVICENET',1,0),(445,'10.0.1.192',NULL,NULL,'SERVICENET',1,0),(446,'10.0.1.193',NULL,NULL,'SERVICENET',1,0),(447,'10.0.1.194',NULL,NULL,'SERVICENET',1,0),(448,'10.0.1.195',NULL,NULL,'SERVICENET',1,0),(449,'10.0.1.196',NULL,NULL,'SERVICENET',1,0),(450,'10.0.1.197',NULL,NULL,'SERVICENET',1,0),(451,'10.0.1.198',NULL,NULL,'SERVICENET',1,0),(452,'10.0.1.199',NULL,NULL,'SERVICENET',1,0),(453,'10.0.1.200',NULL,NULL,'SERVICENET',1,0),(454,'10.0.1.201',NULL,NULL,'SERVICENET',1,0),(455,'10.0.1.202',NULL,NULL,'SERVICENET',1,0),(456,'10.0.1.203',NULL,NULL,'SERVICENET',1,0),(457,'10.0.1.204',NULL,NULL,'SERVICENET',1,0),(458,'10.0.1.205',NULL,NULL,'SERVICENET',1,0),(459,'10.0.1.206',NULL,NULL,'SERVICENET',1,0),(460,'10.0.1.207',NULL,NULL,'SERVICENET',1,0),(461,'10.0.1.208',NULL,NULL,'SERVICENET',1,0),(462,'10.0.1.209',NULL,NULL,'SERVICENET',1,0),(463,'10.0.1.210',NULL,NULL,'SERVICENET',1,0),(464,'10.0.1.211',NULL,NULL,'SERVICENET',1,0),(465,'10.0.1.212',NULL,NULL,'SERVICENET',1,0),(466,'10.0.1.213',NULL,NULL,'SERVICENET',1,0),(467,'10.0.1.214',NULL,NULL,'SERVICENET',1,0),(468,'10.0.1.215',NULL,NULL,'SERVICENET',1,0),(469,'10.0.1.216',NULL,NULL,'SERVICENET',1,0),(470,'10.0.1.217',NULL,NULL,'SERVICENET',1,0),(471,'10.0.1.218',NULL,NULL,'SERVICENET',1,0),(472,'10.0.1.219',NULL,NULL,'SERVICENET',1,0),(473,'10.0.1.220',NULL,NULL,'SERVICENET',1,0),(474,'10.0.1.221',NULL,NULL,'SERVICENET',1,0),(475,'10.0.1.222',NULL,NULL,'SERVICENET',1,0),(476,'10.0.1.223',NULL,NULL,'SERVICENET',1,0),(477,'10.0.1.224',NULL,NULL,'SERVICENET',1,0),(478,'10.0.1.225',NULL,NULL,'SERVICENET',1,0),(479,'10.0.1.226',NULL,NULL,'SERVICENET',1,0),(480,'10.0.1.227',NULL,NULL,'SERVICENET',1,0),(481,'10.0.1.228',NULL,NULL,'SERVICENET',1,0),(482,'10.0.1.229',NULL,NULL,'SERVICENET',1,0),(483,'10.0.1.230',NULL,NULL,'SERVICENET',1,0),(484,'10.0.1.231',NULL,NULL,'SERVICENET',1,0),(485,'10.0.1.232',NULL,NULL,'SERVICENET',1,0),(486,'10.0.1.233',NULL,NULL,'SERVICENET',1,0),(487,'10.0.1.234',NULL,NULL,'SERVICENET',1,0),(488,'10.0.1.235',NULL,NULL,'SERVICENET',1,0),(489,'10.0.1.236',NULL,NULL,'SERVICENET',1,0),(490,'10.0.1.237',NULL,NULL,'SERVICENET',1,0),(491,'10.0.1.238',NULL,NULL,'SERVICENET',1,0),(492,'10.0.1.239',NULL,NULL,'SERVICENET',1,0),(493,'10.0.1.240',NULL,NULL,'SERVICENET',1,0),(494,'10.0.1.241',NULL,NULL,'SERVICENET',1,0),(495,'10.0.1.242',NULL,NULL,'SERVICENET',1,0),(496,'10.0.1.243',NULL,NULL,'SERVICENET',1,0),(497,'10.0.1.244',NULL,NULL,'SERVICENET',1,0),(498,'10.0.1.245',NULL,NULL,'SERVICENET',1,0),(499,'10.0.1.246',NULL,NULL,'SERVICENET',1,0),(500,'10.0.1.247',NULL,NULL,'SERVICENET',1,0),(501,'10.0.1.248',NULL,NULL,'SERVICENET',1,0),(502,'10.0.1.249',NULL,NULL,'SERVICENET',1,0),(503,'10.0.1.250',NULL,NULL,'SERVICENET',1,0),(504,'10.0.1.251',NULL,NULL,'SERVICENET',1,0),(505,'10.0.1.252',NULL,NULL,'SERVICENET',1,0),(506,'10.0.1.253',NULL,NULL,'SERVICENET',1,0),(507,'10.0.1.254',NULL,NULL,'SERVICENET',1,0),(508,'10.0.1.255',NULL,NULL,'SERVICENET',1,0),(509,'10.0.2.0',NULL,NULL,'SERVICENET',1,0),(510,'10.0.2.1',NULL,NULL,'SERVICENET',1,0),(511,'10.0.2.2',NULL,NULL,'SERVICENET',1,0),(512,'10.0.2.3',NULL,NULL,'SERVICENET',1,0),(513,'10.0.2.4',NULL,NULL,'SERVICENET',1,0),(514,'10.0.2.5',NULL,NULL,'SERVICENET',1,0);
/*!40000 ALTER TABLE `virtual_ip_ipv4` ENABLE KEYS */;
UNLOCK TABLES;

LOCK TABLES `virtual_ip_ipv6` WRITE;
/*!40000 ALTER TABLE `virtual_ip_ipv6` DISABLE KEYS */;
INSERT INTO `virtual_ip_ipv6` VALUES (9000153,354934,1,1),(9000154,406271,1,1),(9000166,406271,12,1),(9000169,406271,15,1),(9000177,406271,23,1),(9000181,406271,27,1),(9000183,406271,29,1),(9000200,548939,3,1),(9000201,548939,4,1),(9000202,546428,1,1),(9000203,354934,2,1),(9000227,406271,49,1),(9000229,406271,51,1),(9000247,406271,52,1),(9000248,406271,53,1),(9000249,406271,54,1),(9000250,406271,55,1),(9000251,406271,56,1),(9000252,406271,57,1),(9000253,406271,58,1),(9000254,406271,59,1),(9000255,406271,60,1),(9000256,406271,61,1),(9000257,406271,62,1),(9000258,406271,63,1),(9000259,406271,64,1),(9000260,406271,65,1),(9000261,406271,66,1),(9000262,406271,67,1),(9000263,406271,68,1),(9000264,406271,69,1),(9000265,406271,70,1),(9000266,406271,71,1),(9000267,406271,72,1),(9000268,406271,73,1),(9000269,406271,74,1),(9000270,406271,75,1),(9000271,406271,76,1),(9000272,406271,77,1),(9000273,406271,78,1),(9000274,406271,79,1),(9000275,406271,80,1),(9000276,406271,81,1),(9000277,406271,82,1),(9000278,406271,83,1),(9000279,406271,84,1),(9000280,406271,85,1),(9000281,406271,86,1),(9000282,406271,87,1),(9000283,406271,88,1),(9000284,406271,89,1),(9000285,406271,90,1),(9000306,406271,91,1),(9000307,546428,2,1),(9000308,546428,3,1),(9000368,528830,1,1),(9000369,528830,2,1),(9000370,528830,3,1),(9000371,528830,4,1),(9000372,528830,5,1),(9000373,528830,6,1),(9000374,528830,7,1),(9000375,528830,8,1),(9000376,406271,92,1),(9000377,406271,93,1),(9000378,406271,94,1);
/*!40000 ALTER TABLE `virtual_ip_ipv6` ENABLE KEYS */;
UNLOCK TABLES;

LOCK TABLES `loadbalancer_virtualip` WRITE;
/*!40000 ALTER TABLE `loadbalancer_virtualip` DISABLE KEYS */;
INSERT INTO `loadbalancer_virtualip` VALUES (3769,1,80),(3472,3,80),(3554,4,80),(4144,7,90),(4154,8,80),(3671,21,80),(3673,22,80),(3675,23,80),(4028,26,80),(4029,27,80),(4030,28,80),(4031,29,80),(4032,30,80),(3677,267,80),(3678,268,80);
/*!40000 ALTER TABLE `loadbalancer_virtualip` ENABLE KEYS */;
UNLOCK TABLES;

LOCK TABLES `loadbalancer_virtualipv6` WRITE;
/*!40000 ALTER TABLE `loadbalancer_virtualipv6` DISABLE KEYS */;
INSERT INTO `loadbalancer_virtualipv6` VALUES (3472,9000153,80),(3554,9000154,80),(3599,9000166,80),(3602,9000169,80),(3615,9000177,80),(3624,9000181,80),(3631,9000183,80),(3671,9000200,80),(3673,9000201,80),(3675,9000202,80),(3769,9000203,80),(3938,9000227,80),(3940,9000229,80),(4028,9000247,80),(4029,9000248,80),(4030,9000249,80),(4031,9000250,80),(4032,9000251,80),(4053,9000252,80),(4054,9000253,80),(4064,9000254,80),(4065,9000255,80),(4066,9000256,80),(4067,9000257,80),(4068,9000258,80),(4069,9000259,80),(4070,9000260,80),(4071,9000261,80),(4072,9000262,80),(4073,9000263,80),(4074,9000264,80),(4075,9000265,80),(4076,9000266,80),(4077,9000267,80),(4078,9000268,80),(4079,9000269,80),(4080,9000270,80),(4081,9000271,80),(4082,9000272,80),(4083,9000273,80),(4084,9000274,80),(4103,9000275,80),(4104,9000276,80),(4105,9000277,80),(4106,9000278,80),(4107,9000279,80),(4108,9000280,80),(4109,9000281,80),(4110,9000282,80),(4111,9000283,80),(4112,9000284,80),(4113,9000285,80),(4143,9000306,80),(4144,9000307,90),(4154,9000308,80),(4410,9000368,80),(4411,9000369,80),(4412,9000370,80),(4413,9000371,80),(4410,9000372,80),(4410,9000373,80),(4410,9000374,80),(4410,9000375,80),(4520,9000376,80),(4521,9000377,80),(4522,9000378,80);
/*!40000 ALTER TABLE `loadbalancer_virtualipv6` ENABLE KEYS */;
UNLOCK TABLES;


LOCK TABLES `node` WRITE;
/*!40000 ALTER TABLE `node` DISABLE KEYS */;
INSERT INTO `node` VALUES (3480,'ENABLED','2001:470:1f0e:bf8::2',80,'ONLINE',1,3472),(3562,'ENABLED','10.6.7.8',80,'OFFLINE',1,3554),(3565,'ENABLED','10.6.7.8',80,'ONLINE',1,3557),(3566,'ENABLED','10.6.7.8',80,'ONLINE',1,3558),(3567,'ENABLED','10.6.7.8',80,'ONLINE',1,3559),(3568,'ENABLED','10.6.7.8',80,'ONLINE',1,3560),(3569,'ENABLED','10.6.7.8',80,'ONLINE',1,3561),(3570,'ENABLED','10.6.7.8',80,'ONLINE',1,3562),(3594,'ENABLED','10.1.1.51',636,'ONLINE',1,3586),(3600,'ENABLED','10.6.7.8',80,'ONLINE',1,3592),(3601,'ENABLED','10.6.7.8',80,'ONLINE',1,3593),(3607,'ENABLED','10.6.7.8',80,'OFFLINE',1,3599),(3608,'ENABLED','10.6.7.8',80,'ONLINE',1,3600),(3609,'ENABLED','10.6.7.8',80,'ONLINE',1,3601),(3610,'ENABLED','10.6.7.8',80,'OFFLINE',1,3602),(3611,'ENABLED','10.6.7.8',80,'ONLINE',1,3603),(3612,'ENABLED','10.6.7.8',80,'ONLINE',1,3604),(3613,'ENABLED','10.6.7.8',80,'ONLINE',1,3605),(3614,'ENABLED','10.6.7.8',80,'ONLINE',1,3606),(3615,'ENABLED','10.6.7.8',80,'ONLINE',1,3607),(3616,'ENABLED','10.6.7.8',80,'ONLINE',1,3608),(3617,'ENABLED','10.6.7.8',80,'ONLINE',1,3609),(3623,'ENABLED','10.6.7.8',80,'OFFLINE',1,3615),(3629,'ENABLED','10.6.7.8',80,'ONLINE',1,3621),(3630,'ENABLED','10.6.7.8',80,'ONLINE',1,3622),(3631,'ENABLED','10.6.7.8',80,'ONLINE',1,3623),(3632,'ENABLED','10.6.7.8',80,'OFFLINE',1,3624),(3638,'ENABLED','10.6.7.8',80,'ONLINE',1,3630),(3639,'ENABLED','10.6.7.8',80,'OFFLINE',1,3631),(3649,'ENABLED','10.1.1.51',636,'ONLINE',1,3641),(3659,'ENABLED','10.1.1.51',636,'ONLINE',1,3651),(3660,'ENABLED','10.6.7.8',80,'ONLINE',1,3652),(3661,'ENABLED','10.6.7.8',80,'ONLINE',1,3653),(3662,'ENABLED','10.6.7.8',80,'ONLINE',1,3654),(3663,'ENABLED','10.6.7.8',80,'ONLINE',1,3655),(3664,'ENABLED','10.6.7.8',80,'ONLINE',1,3656),(3665,'ENABLED','10.6.7.8',80,'ONLINE',1,3657),(3666,'ENABLED','10.6.7.8',80,'ONLINE',1,3658),(3667,'ENABLED','10.6.7.8',80,'ONLINE',1,3659),(3668,'ENABLED','10.6.7.8',80,'ONLINE',1,3660),(3670,'ENABLED','10.1.1.51',636,'ONLINE',1,3662),(3671,'ENABLED','10.1.1.1',80,'ONLINE',1,3663),(3672,'ENABLED','10.1.1.1',80,'ONLINE',1,3664),(3673,'ENABLED','10.1.1.1',80,'ONLINE',1,3665),(3674,'ENABLED','10.1.1.1',80,'ONLINE',1,3666),(3675,'ENABLED','10.1.1.1',80,'ONLINE',1,3667),(3676,'ENABLED','10.1.1.51',636,'ONLINE',1,3668),(3677,'ENABLED','99.1.1.17',80,'OFFLINE',1,3669),(3678,'ENABLED','99.1.1.17',80,'OFFLINE',1,3670),(3679,'ENABLED','99.1.1.17',80,'ONLINE',1,3671),(3680,'ENABLED','10.1.1.1',80,'ONLINE',1,3672),(3681,'ENABLED','99.1.1.17',80,'ONLINE',1,3673),(3682,'ENABLED','10.1.1.1',80,'ONLINE',1,3674),(3683,'ENABLED','2001:470:1f0e:bf8::2',80,'ONLINE',1,3675),(3684,'ENABLED','10.1.1.1',80,'ONLINE',1,3676),(3685,'ENABLED','10.1.1.1',80,'OFFLINE',1,3677),(3686,'ENABLED','10.1.1.1',80,'ONLINE',1,3678),(3777,'ENABLED','1.2.3.4',80,'OFFLINE',1,3769),(3778,'ENABLED','1.2.3.4',80,'ONLINE',1,3770),(3869,'ENABLED','10.1.1.51',636,'ONLINE',1,3861),(3870,'ENABLED','10.1.1.51',636,'ONLINE',1,3862),(3871,'ENABLED','10.1.1.1',80,'ONLINE',1,3668),(3872,'ENABLED','10.1.1.2',80,'ONLINE',1,3668),(3873,'ENABLED','10.1.1.3',80,'ONLINE',1,3668),(3879,'ENABLED','10.1.1.4',80,'ONLINE',1,3668),(3907,'ENABLED','10.1.1.51',636,'ONLINE',1,3895),(3908,'ENABLED','10.6.7.8',80,'ONLINE',1,3896),(3909,'ENABLED','10.6.7.8',80,'ONLINE',1,3897),(3910,'ENABLED','10.6.7.8',80,'ONLINE',1,3898),(3911,'ENABLED','10.6.7.8',80,'ONLINE',1,3899),(3912,'ENABLED','10.6.7.8',80,'ONLINE',1,3900),(3913,'ENABLED','10.6.7.8',80,'ONLINE',1,3901),(3914,'ENABLED','10.6.7.8',80,'ONLINE',1,3902),(3915,'ENABLED','10.6.7.8',80,'ONLINE',1,3903),(3916,'ENABLED','10.6.7.8',80,'ONLINE',1,3904),(3917,'ENABLED','10.6.7.8',80,'ONLINE',1,3905),(3918,'ENABLED','10.6.7.8',80,'ONLINE',1,3906),(3942,'ENABLED','10.6.7.8',80,'ONLINE',1,3930),(3943,'ENABLED','10.6.7.8',80,'ONLINE',1,3931),(3944,'ENABLED','10.6.7.8',80,'ONLINE',1,3932),(3945,'ENABLED','10.6.7.8',80,'ONLINE',1,3933),(3946,'ENABLED','10.6.7.8',80,'ONLINE',1,3934),(3947,'ENABLED','10.6.7.8',80,'ONLINE',1,3935),(3948,'ENABLED','10.6.7.8',80,'ONLINE',1,3936),(3949,'ENABLED','10.6.7.8',80,'ONLINE',1,3937),(3950,'ENABLED','10.6.7.8',80,'OFFLINE',1,3938),(3951,'ENABLED','10.6.7.8',80,'ONLINE',1,3939),(3952,'ENABLED','10.6.7.8',80,'OFFLINE',1,3940),(3953,'ENABLED','10.6.7.8',80,'ONLINE',1,3941),(3954,'ENABLED','10.6.7.8',80,'ONLINE',1,3942),(3955,'ENABLED','10.6.7.8',80,'ONLINE',1,3943),(3956,'ENABLED','10.6.7.8',80,'ONLINE',1,3944),(3957,'ENABLED','10.6.7.8',80,'ONLINE',1,3945),(4008,'ENABLED','10.6.7.8',80,'ONLINE',1,3996),(4014,'ENABLED','10.6.7.8',80,'ONLINE',1,4002),(4025,'ENABLED','10.6.7.8',80,'ONLINE',1,4013),(4026,'ENABLED','10.6.7.8',80,'ONLINE',1,4014),(4027,'ENABLED','10.6.7.8',80,'ONLINE',1,4015),(4033,'ENABLED','10.6.7.8',80,'ONLINE',1,4021),(4034,'ENABLED','10.6.7.8',80,'ONLINE',1,4022),(4035,'ENABLED','10.6.7.8',80,'ONLINE',1,4023),(4036,'ENABLED','10.6.7.8',80,'ONLINE',1,4024),(4037,'ENABLED','10.6.7.8',80,'ONLINE',1,4025),(4038,'ENABLED','10.6.7.8',80,'ONLINE',1,4026),(4039,'ENABLED','10.6.7.8',80,'ONLINE',1,4027),(4040,'ENABLED','10.6.7.8',80,'ONLINE',1,4028),(4041,'ENABLED','10.6.7.8',80,'ONLINE',1,4029),(4042,'ENABLED','10.6.7.8',80,'ONLINE',1,4030),(4043,'ENABLED','10.6.7.8',80,'ONLINE',1,4031),(4044,'ENABLED','10.6.7.8',80,'ONLINE',1,4032),(4065,'ENABLED','10.6.7.8',80,'ONLINE',1,4053),(4066,'ENABLED','10.6.7.8',80,'ONLINE',1,4054),(4076,'ENABLED','10.6.7.8',80,'ONLINE',1,4064),(4077,'ENABLED','10.6.7.8',80,'ONLINE',1,4065),(4078,'ENABLED','10.6.7.8',80,'ONLINE',1,4066),(4079,'ENABLED','10.6.7.8',80,'ONLINE',1,4067),(4080,'ENABLED','10.6.7.8',80,'ONLINE',1,4068),(4081,'ENABLED','10.6.7.8',80,'ONLINE',1,4069),(4082,'ENABLED','10.6.7.8',80,'ONLINE',1,4070),(4083,'ENABLED','10.6.7.8',80,'ONLINE',1,4071),(4084,'ENABLED','10.6.7.8',80,'ONLINE',1,4072),(4085,'ENABLED','10.6.7.8',80,'ONLINE',1,4073),(4086,'ENABLED','10.6.7.8',80,'ONLINE',1,4074),(4087,'ENABLED','10.6.7.8',80,'ONLINE',1,4075),(4088,'ENABLED','10.6.7.8',80,'ONLINE',1,4076),(4089,'ENABLED','10.6.7.8',80,'ONLINE',1,4077),(4090,'ENABLED','10.6.7.8',80,'ONLINE',1,4078),(4091,'ENABLED','10.6.7.8',80,'ONLINE',1,4079),(4092,'ENABLED','10.6.7.8',80,'ONLINE',1,4080),(4093,'ENABLED','10.6.7.8',80,'ONLINE',1,4081),(4094,'ENABLED','10.6.7.8',80,'ONLINE',1,4082),(4095,'ENABLED','10.6.7.8',80,'ONLINE',1,4083),(4096,'ENABLED','10.6.7.8',80,'ONLINE',1,4084),(4115,'ENABLED','10.6.7.8',80,'ONLINE',1,4103),(4116,'ENABLED','10.6.7.8',80,'ONLINE',1,4104),(4117,'ENABLED','10.6.7.8',80,'ONLINE',1,4105),(4118,'ENABLED','10.6.7.8',80,'ONLINE',1,4106),(4119,'ENABLED','10.6.7.8',80,'ONLINE',1,4107),(4120,'ENABLED','10.6.7.8',80,'ONLINE',1,4108),(4121,'ENABLED','10.6.7.8',80,'ONLINE',1,4109),(4122,'ENABLED','10.6.7.8',80,'ONLINE',1,4110),(4123,'ENABLED','10.6.7.8',80,'ONLINE',1,4111),(4124,'ENABLED','10.6.7.8',80,'ONLINE',1,4112),(4125,'ENABLED','10.6.7.8',80,'ONLINE',1,4113),(4126,'ENABLED','10.1.1.51',636,'ONLINE',1,4114),(4127,'ENABLED','10.1.1.51',636,'ONLINE',1,4115),(4128,'ENABLED','10.1.1.51',636,'ONLINE',1,4116),(4129,'ENABLED','10.1.1.51',636,'ONLINE',1,4117),(4130,'ENABLED','10.1.1.51',636,'ONLINE',1,4118),(4131,'ENABLED','10.1.1.51',636,'ONLINE',1,4119),(4132,'ENABLED','10.1.1.51',636,'ONLINE',1,4120),(4133,'ENABLED','10.1.1.51',636,'ONLINE',1,4121),(4134,'ENABLED','10.1.1.51',636,'ONLINE',1,4122),(4135,'ENABLED','10.1.1.51',636,'ONLINE',1,4123),(4136,'ENABLED','10.1.1.51',636,'ONLINE',1,4124),(4137,'ENABLED','10.1.1.51',636,'ONLINE',1,4125),(4138,'ENABLED','10.1.1.51',636,'ONLINE',1,4126),(4139,'ENABLED','10.1.1.51',636,'ONLINE',1,4127),(4140,'ENABLED','10.1.1.51',636,'ONLINE',1,4128),(4141,'ENABLED','10.1.1.51',636,'ONLINE',1,4129),(4142,'ENABLED','10.1.1.51',636,'ONLINE',1,4130),(4143,'ENABLED','10.1.1.51',636,'ONLINE',1,4131),(4144,'ENABLED','10.1.1.51',636,'ONLINE',1,4132),(4154,'ENABLED','10.1.1.51',636,'ONLINE',1,4142),(4155,'ENABLED','10.1.1.51',636,'ONLINE',1,4143),(4156,'ENABLED','163.61.21.15',80,'ONLINE',1,4144),(4166,'ENABLED','207.97.209.146',80,'ONLINE',1,4154),(4176,'ENABLED','10.1.1.51',636,'ONLINE',1,4164),(4204,'ENABLED','10.1.1.51',636,'ONLINE',1,4192),(4205,'ENABLED','10.1.1.51',636,'ONLINE',1,4193),(4206,'ENABLED','10.1.1.51',636,'ONLINE',1,4194),(4207,'ENABLED','10.1.1.51',636,'ONLINE',1,4195),(4208,'ENABLED','10.1.1.51',636,'ONLINE',1,4196),(4209,'ENABLED','10.1.1.51',636,'ONLINE',1,4197),(4210,'ENABLED','10.1.1.51',636,'ONLINE',1,4198),(4211,'ENABLED','10.1.1.51',636,'ONLINE',1,4199),(4212,'ENABLED','10.1.1.51',636,'ONLINE',1,4200),(4276,'ENABLED','10.1.1.51',636,'ONLINE',1,4264),(4277,'ENABLED','10.1.1.51',636,'ONLINE',1,4265),(4278,'ENABLED','10.1.1.51',636,'ONLINE',1,4266),(4288,'ENABLED','10.1.1.51',636,'ONLINE',1,4276),(4301,'ENABLED','10.1.1.51',636,'ONLINE',1,4289),(4302,'ENABLED','10.1.1.51',636,'ONLINE',1,4290),(4315,'ENABLED','10.1.1.51',636,'ONLINE',1,4303),(4355,'ENABLED','10.1.1.51',636,'ONLINE',1,4343),(4356,'ENABLED','10.1.1.51',636,'ONLINE',1,4344),(4357,'ENABLED','10.1.1.51',636,'ONLINE',1,4345),(4358,'ENABLED','10.1.1.51',636,'ONLINE',1,4346),(4359,'ENABLED','10.1.1.51',636,'ONLINE',1,4347),(4360,'ENABLED','10.1.1.51',636,'ONLINE',1,4348),(4361,'ENABLED','10.1.1.51',636,'ONLINE',1,4349),(4362,'ENABLED','10.1.1.51',636,'ONLINE',1,4350),(4363,'ENABLED','10.1.1.51',636,'ONLINE',1,4351),(4364,'ENABLED','10.1.1.51',636,'ONLINE',1,4352),(4378,'ENABLED','10.1.1.51',636,'ONLINE',1,4366),(4379,'ENABLED','10.1.1.51',636,'ONLINE',1,4367),(4404,'ENABLED','10.1.1.51',636,'ONLINE',1,4392),(4405,'ENABLED','10.1.1.51',636,'ONLINE',1,4393),(4415,'ENABLED','10.1.1.51',636,'ONLINE',1,4403),(4416,'ENABLED','10.1.1.51',636,'ONLINE',1,4404),(4417,'ENABLED','10.1.1.51',636,'ONLINE',1,4405),(4418,'ENABLED','10.1.1.51',636,'ONLINE',1,4406),(4419,'ENABLED','10.1.1.51',636,'ONLINE',1,4407),(4420,'ENABLED','10.1.1.51',636,'ONLINE',1,4408),(4421,'ENABLED','10.1.1.51',636,'ONLINE',1,4409),(4422,'ENABLED','10.1.1.51',636,'ONLINE',1,4410),(4423,'ENABLED','10.1.1.51',636,'ONLINE',1,4411),(4424,'ENABLED','10.1.1.51',636,'ONLINE',1,4412),(4425,'ENABLED','10.1.1.51',636,'ONLINE',1,4413),(4532,'ENABLED','10.1.1.51',636,'ONLINE',1,4520),(4533,'ENABLED','10.1.1.51',636,'ONLINE',1,4521),(4534,'ENABLED','10.1.1.51',636,'ONLINE',1,4522);
/*!40000 ALTER TABLE `node` ENABLE KEYS */;
UNLOCK TABLES;

LOCK TABLES `connection_limit` WRITE;
/*!40000 ALTER TABLE `connection_limit` DISABLE KEYS */;
INSERT INTO `connection_limit` VALUES (1,50,100,10,60,3862),(2,50,100,10,60,3895);
/*!40000 ALTER TABLE `connection_limit` ENABLE KEYS */;
UNLOCK TABLES;

LOCK TABLES `event_severity` WRITE;
/*!40000 ALTER TABLE `event_severity` DISABLE KEYS */;
INSERT INTO `event_severity` VALUES ('CRITICAL','critical'),('INFO','info'),('WARNING','warning');
/*!40000 ALTER TABLE `event_severity` ENABLE KEYS */;
UNLOCK TABLES;

LOCK TABLES `event_type` WRITE;
/*!40000 ALTER TABLE `event_type` DISABLE KEYS */;
INSERT INTO `event_type` VALUES ('CREATE_ACCESS_LIST','Created Access List'),('CREATE_CONNECTION_THROTTLE','Created Connection Throttle'),('CREATE_HEALTH_MONITOR','Created Health Monitor'),('CREATE_LOADBALANCER','A load balancer was created'),('CREATE_NODE','Node Created'),('CREATE_SESSION_PERSISTENCE','Created Session Persisitence'),('CREATE_VIRTUAL_IP','A virtual ip was created'),('DELETE_ACCESS_LIST','Deleted Access List'),('DELETE_CONNECTION_THROTTLE','Deleted Connection Throttle'),('DELETE_HEALTH_MONITOR','Deleted Health Monitor'),('DELETE_LOADBALANCER','A load balancer was deleted'),('DELETE_NETWORK_ITEM','Deleted Network Item'),('DELETE_NODE','Node deleted'),('DELETE_SESSION_PERSISTENCE','Deleted Session Persistence'),('DELETE_VIRTUAL_IP','A virtual ip was deleted'),('SSL_OFF','SSL was turned off'),('SSL_ON','SSL was turned on'),('SUSPEND_LOADBALANCER','A load balancer was suspended'),('UNSUSPEND_LOADBALANCER','A load balancer was unsuspended'),('UPDATE_ACCESS_LIST','Update Access List'),('UPDATE_CONNECTION_LOGGING','Updated Connection Logging'),('UPDATE_CONNECTION_THROTTLE','Update Connection Throttle'),('UPDATE_HEALTH_MONITOR','Updated Health Monitor'),('UPDATE_LOADBALANCER','Loadbalancer updated'),('UPDATE_NODE','Node updated'),('UPDATE_SESSION_PERSISTENCE','Updated Session Persisitence');
/*!40000 ALTER TABLE `event_type` ENABLE KEYS */;
UNLOCK TABLES;



LOCK TABLES `group_rate_limit` WRITE;
/*!40000 ALTER TABLE `group_rate_limit` DISABLE KEYS */;
INSERT INTO `group_rate_limit` VALUES (1,'customer_group','customer_limit_group',1),(2,'test_group','test_group',0);
/*!40000 ALTER TABLE `group_rate_limit` ENABLE KEYS */;
UNLOCK TABLES;

LOCK TABLES `health_monitor_type` WRITE;
/*!40000 ALTER TABLE `health_monitor_type` DISABLE KEYS */;
INSERT INTO `health_monitor_type` VALUES ('CONNECT','Indicates the healthmonitor is of type CONNECT'),('HTTP','Indicates the healthmonitor is of type HTTP'),('HTTPS','Indicates the healthmonitor is of type HTTPS');
/*!40000 ALTER TABLE `health_monitor_type` ENABLE KEYS */;
UNLOCK TABLES;

LOCK TABLES `health_monitor` WRITE;
/*!40000 ALTER TABLE `health_monitor` DISABLE KEYS */;
INSERT INTO `health_monitor` VALUES (13,2,' ',10,'/','^[234][0-9][0-9]$',51,'HTTP',3862);
/*!40000 ALTER TABLE `health_monitor` ENABLE KEYS */;
UNLOCK TABLES;



LOCK TABLES `host_backup` WRITE;
/*!40000 ALTER TABLE `host_backup` DISABLE KEYS */;
/*!40000 ALTER TABLE `host_backup` ENABLE KEYS */;
UNLOCK TABLES;

LOCK TABLES `lb_rate_limit` WRITE;
/*!40000 ALTER TABLE `lb_rate_limit` DISABLE KEYS */;
INSERT INTO `lb_rate_limit` VALUES (1,'2011-10-17 05:00:00',150,3673);
/*!40000 ALTER TABLE `lb_rate_limit` ENABLE KEYS */;
UNLOCK TABLES;


LOCK TABLES `lb_suspension` WRITE;
/*!40000 ALTER TABLE `lb_suspension` DISABLE KEYS */;
/*!40000 ALTER TABLE `lb_suspension` ENABLE KEYS */;
UNLOCK TABLES;

LOCK TABLES `ticket` WRITE;
/*!40000 ALTER TABLE `ticket` DISABLE KEYS */;
INSERT INTO `ticket` VALUES (1,'1234','DOS Attack',3673);
/*!40000 ALTER TABLE `ticket` ENABLE KEYS */;
UNLOCK TABLES;




